,Age,Gender,Marital Status,Employment Status,Payment History,Interest Rate,Loan Term,Amount To Pay,Amount Paid,New Credit,Length of Credit History,Type of Credit
0,60,Male,Married,Employed,2685.0,2.65,48,1028500.0,3646500.0,1402500.0,8.0,Home + Auto Loan
1,25,Male,Married,Unemployed,2371.0,5.19,60,723800.0,2895200.0,361900.0,11.5,Auto Loan
2,30,Female,Single,Employed,2771.0,2.76,12,210540.0,746460.0,287100.0,9.0,Auto Loan
3,58,Female,Married,Unemployed,1371.0,6.57,60,567720.0,4163280.0,1892400.0,7.8,Auto Loan
4,32,Male,Married,Self-Employed,828.0,6.28,36,3256110.0,32890.00000000003,657800.0,5.2,Home + Auto Loan
5,42,Male,Divorced,Unemployed,2342.0,11.15,24,1443840.0,92160.00000000009,460800.0,6.2,Home + Auto Loan
6,44,Female,Divorced,Unemployed,2800.0,16.61,36,646720.0,1374279.9999999998,404200.0,5.4,Auto Loan
7,24,Male,Divorced,Employed,1428.0,6.03,24,856680.0,441319.99999999994,389400.0,10.4,Home Loan
8,54,Female,Divorced,Unemployed,800.0,10.38,12,1749600.0,2624400.0,1749600.0,8.4,Home + Auto Loan
9,60,Male,Divorced,Unemployed,1371.0,11.05,60,241560.0,3784440.0,1610400.0,16.0,Home + Auto Loan
10,27,Female,Divorced,Employed,571.0,19.12,36,36830.0,90170.0,38100.0,10.7,Home Loan
11,52,Male,Divorced,Unemployed,714.0,15.49,60,1650870.0,1586130.0,971100.0,8.2,Home Loan
12,58,Female,Single,Employed,1114.0,5.58,60,544980.0,41019.99999999997,58600.0,9.8,Home + Auto Loan
13,51,Male,Divorced,Employed,2000.0,11.03,60,1533180.0,789819.9999999999,464600.0,8.1,Auto Loan
14,54,Male,Divorced,Self-Employed,2371.0,18.09,48,3775000.0,0.0,1132500.0,11.4,Home + Auto Loan
15,34,Male,Single,Unemployed,2142.0,2.35,12,88000.0,72000.0,16000.0,7.4,Home + Auto Loan
16,22,Female,Married,Self-Employed,771.0,14.74,60,810700.0,399299.99999999994,242000.0,11.2,Home Loan
17,35,Female,Single,Employed,1571.0,8.81,12,365300.0,3287700.0,730600.0,9.5,Home Loan
18,61,Male,Married,Unemployed,371.0,4.61,48,580380.0,1126619.9999999998,682800.0,10.1,Home + Auto Loan
19,31,Female,Single,Employed,2000.0,13.39,60,230560.0,293440.0,104800.0,5.1,Home + Auto Loan
20,35,Male,Single,Self-Employed,1457.0,8.2,48,311010.0,1169990.0,592400.0,4.5,Auto Loan
21,38,Female,Divorced,Employed,771.0,14.98,12,942210.0,4016790.0000000005,1983600.0,4.8,Home Loan
22,23,Male,Divorced,Unemployed,1914.0,19.25,12,530840.0,46159.99999999998,230800.0,5.3,Home + Auto Loan
23,58,Male,Divorced,Self-Employed,2057.0,12.3,60,594720.0,4361280.0,991200.0,9.8,Home + Auto Loan
24,62,Female,Single,Unemployed,857.0,3.49,36,2462400.0,957600.0000000001,684000.0,11.2,Auto Loan
25,24,Male,Single,Employed,1828.0,18.73,12,653940.0,557060.0,121100.0,7.4,Home + Auto Loan
26,38,Male,Single,Unemployed,2371.0,13.69,60,162680.0,3320.0000000000027,49800.0,12.8,Auto Loan
27,26,Male,Single,Employed,542.0,12.49,36,1823360.0,640640.0,246400.0,7.6,Home + Auto Loan
28,60,Female,Divorced,Self-Employed,171.0,16.76,12,3324230.0,328769.9999999999,1461200.0,8.0,Home + Auto Loan
29,28,Female,Married,Unemployed,2028.0,2.43,24,736980.0,301020.00000000006,415200.0,3.8,Home Loan
30,43,Male,Single,Employed,142.0,13.96,12,577220.0,1284780.0,372400.0,10.3,Auto Loan
31,46,Male,Married,Employed,85.0,15.87,48,2540560.0,346440.0,577400.0,7.6,Home Loan
32,35,Female,Married,Self-Employed,1714.0,16.52,48,1543380.0,230620.0,177400.0,7.5,Auto Loan
33,34,Male,Married,Self-Employed,228.0,13.19,48,1005180.0,2040819.9999999998,609200.0,8.4,Home Loan
34,41,Male,Married,Employed,942.0,12.33,36,585220.0,423780.00000000006,302700.0,5.1,Home Loan
35,47,Male,Single,Self-Employed,1571.0,18.59,60,178440.0,4282560.0,892200.0,5.7,Home Loan
36,62,Male,Single,Employed,1200.0,13.6,12,2596350.0,136650.00000000012,1093200.0,16.2,Home Loan
37,52,Female,Divorced,Self-Employed,1057.0,4.64,48,467200.0,700800.0,467200.0,14.2,Home Loan
38,31,Female,Single,Self-Employed,1571.0,9.83,48,812870.0,1990130.0,280300.0,13.1,Home Loan
39,52,Female,Divorced,Unemployed,1857.0,2.77,24,232960.0,2679040.0,582400.0,15.2,Home Loan
40,34,Male,Married,Employed,1714.0,9.65,60,170640.0,540360.0,71100.0,13.4,Home + Auto Loan
41,64,Female,Single,Employed,2514.0,15.79,24,149100.0,844900.0,397600.0,7.4,Home + Auto Loan
42,53,Female,Married,Employed,1685.0,12.31,48,2202940.0,2586060.0,957800.0,14.3,Home Loan
43,52,Female,Divorced,Employed,1714.0,15.28,36,1682760.0,591240.0,909600.0,13.2,Home Loan
44,60,Male,Single,Employed,857.0,7.07,60,2071070.0,845930.0000000001,1166800.0,11.0,Home + Auto Loan
45,29,Male,Single,Unemployed,1514.0,11.31,48,603960.0,2272040.0,575200.0,9.9,Home + Auto Loan
46,46,Female,Divorced,Unemployed,0.0,15.32,48,989900.0,1615100.0,260500.0,10.6,Home Loan
47,54,Male,Single,Self-Employed,85.0,13.71,48,1284800.0,1635200.0000000002,584000.0,12.4,Home Loan
48,49,Male,Divorced,Self-Employed,2400.0,13.21,24,474360.0,329640.0,80400.0,5.9,Auto Loan
49,23,Female,Single,Employed,1228.0,15.29,48,1095300.0,1338700.0,730200.0,9.3,Auto Loan
50,50,Male,Divorced,Self-Employed,228.0,19.04,24,79200.0,280800.0,36000.0,6.0,Home + Auto Loan
51,29,Male,Married,Unemployed,771.0,15.57,24,247500.0,2002500.0,900000.0,10.9,Home Loan
52,65,Male,Married,Employed,1114.0,8.54,24,1883839.9999999998,1364160.0000000002,974400.0,16.5,Home + Auto Loan
53,64,Male,Married,Unemployed,428.0,7.6,48,267000.0,178000.0,133500.0,16.4,Home Loan
54,24,Female,Married,Self-Employed,1314.0,9.27,60,152130.0,1230870.0,553200.0,10.4,Home Loan
55,59,Female,Single,Unemployed,1171.0,6.3,48,487930.0,339070.0,330800.0,9.9,Home + Auto Loan
56,56,Female,Single,Self-Employed,657.0,7.74,36,1597150.0,281850.00000000006,187900.0,13.6,Auto Loan
57,58,Female,Divorced,Unemployed,285.0,10.28,24,3333550.0,175450.00000000015,350900.0,9.8,Home Loan
58,61,Female,Single,Employed,1457.0,13.62,36,774010.0,1894990.0,266900.0,10.1,Auto Loan
59,53,Female,Single,Self-Employed,971.0,5.38,24,1546300.0,662700.0000000001,662700.0,10.3,Auto Loan
60,54,Male,Married,Unemployed,2628.0,12.34,12,2160480.0,2340520.0,900200.0,15.4,Home + Auto Loan
61,34,Female,Married,Employed,457.0,19.51,60,342220.0,139780.00000000003,144600.0,8.4,Auto Loan
62,28,Female,Married,Unemployed,1742.0,4.5,12,828240.0000000001,2129760.0,295800.0,10.8,Auto Loan
63,27,Male,Single,Employed,2485.0,3.83,60,796340.0,576660.0,549200.0,3.7,Auto Loan
64,35,Male,Divorced,Unemployed,2257.0,8.23,48,2690400.0,1793600.0,1793600.0,7.5,Auto Loan
65,47,Female,Divorced,Unemployed,342.0,6.03,12,1795200.0,74800.00000000007,187000.0,8.7,Home + Auto Loan
66,31,Male,Married,Self-Employed,2171.0,1.62,36,1144350.0,1398650.0,254300.0,11.1,Home Loan
67,64,Female,Married,Self-Employed,2285.0,9.08,60,1389610.0,369389.99999999994,351800.0,16.4,Home + Auto Loan
68,29,Female,Married,Employed,1114.0,18.5,48,828750.0000000001,4046250.0,487500.0,12.9,Home + Auto Loan
69,64,Female,Divorced,Self-Employed,1800.0,12.36,48,387500.0,387500.0,310000.0,14.4,Home Loan
70,58,Female,Married,Employed,2085.0,19.99,36,263040.0,10960.00000000001,27400.0,15.8,Home Loan
71,31,Female,Divorced,Self-Employed,2114.0,19.41,48,760500.0,3464500.0000000005,1690000.0,10.1,Auto Loan
72,41,Female,Divorced,Employed,2514.0,13.59,48,830940.0,1687059.9999999998,251800.0,12.1,Home Loan
73,49,Male,Single,Self-Employed,2800.0,16.67,12,530040.0,3886960.0,1325100.0,11.9,Home Loan
74,49,Female,Married,Unemployed,2742.0,15.44,24,1370880.0,2437120.0,761600.0,12.9,Auto Loan
75,28,Female,Single,Employed,2285.0,14.49,36,63210.0,2043790.0,842800.0,12.8,Home Loan
76,55,Female,Married,Employed,428.0,18.72,36,1969260.0,2311740.0,856200.0,8.5,Home Loan
77,37,Female,Single,Employed,514.0,18.52,60,781540.0,917460.0000000001,679600.0,10.7,Home Loan
78,24,Female,Single,Unemployed,0.0,16.91,60,703080.0,1900920.0,781200.0,7.4,Home Loan
79,29,Female,Divorced,Self-Employed,2771.0,9.65,36,1077120.0,2186880.0,1305600.0,11.9,Home + Auto Loan
80,35,Female,Married,Employed,1714.0,19.78,24,1068480.0,2270520.0,1335600.0,10.5,Auto Loan
81,28,Female,Married,Employed,1657.0,8.79,24,693770.0,615230.0,523600.0,3.8,Home + Auto Loan
82,36,Female,Divorced,Unemployed,1200.0,19.13,48,263040.0,3024960.0,1315200.0,12.6,Home Loan
83,59,Male,Married,Employed,1571.0,9.43,36,707250.0,235750.0,282900.0,7.9,Home + Auto Loan
84,40,Male,Single,Self-Employed,885.0,11.75,24,1529510.0,2027490.0000000002,1067100.0,13.0,Home + Auto Loan
85,25,Female,Divorced,Self-Employed,514.0,13.12,48,3610880.0,357119.9999999999,793600.0,6.5,Auto Loan
86,20,Female,Single,Employed,1257.0,13.14,48,1147960.0,1461040.0000000002,521800.0,12.0,Home Loan
87,49,Female,Married,Self-Employed,1371.0,11.92,36,342210.0,2768790.0,1244400.0,14.9,Home + Auto Loan
88,45,Female,Married,Unemployed,1028.0,5.16,24,2291250.0,763750.0,305500.0,8.5,Home Loan
89,63,Male,Divorced,Unemployed,1114.0,12.01,24,247000.0,133000.0,38000.0,14.3,Home + Auto Loan
90,40,Female,Married,Employed,1314.0,18.36,24,3404110.0,904889.9999999999,861800.0,13.0,Auto Loan
91,38,Female,Married,Employed,800.0,7.95,48,668500.0000000001,4106500.0,1910000.0,10.8,Home + Auto Loan
92,54,Male,Single,Unemployed,942.0,16.63,36,2472000.0,824000.0,988800.0,15.4,Home + Auto Loan
93,34,Female,Married,Unemployed,228.0,13.34,12,579700.0,2055300.0,790500.0,11.4,Home + Auto Loan
94,22,Female,Single,Employed,1942.0,9.62,60,772800.0,2587200.0,336000.0,5.2,Auto Loan
95,29,Female,Divorced,Self-Employed,1000.0,5.13,48,1988960.0,1219040.0,320800.0,3.9,Home + Auto Loan
96,26,Female,Divorced,Employed,685.0,2.74,24,1565600.0,2348400.0,1174200.0,4.6,Home Loan
97,58,Male,Married,Employed,2857.0,2.3,60,1802790.0,18210.000000000015,546300.0,15.8,Home + Auto Loan
98,33,Male,Single,Unemployed,514.0,5.76,24,0.0,4632000.0,926400.0,6.3,Home + Auto Loan
99,21,Male,Married,Employed,57.0,2.0,48,1372340.0,953660.0000000001,697800.0,5.1,Home Loan
100,24,Female,Single,Unemployed,1628.0,18.96,12,1155220.0,802780.0000000001,587400.0,11.4,Home Loan
101,53,Female,Single,Employed,1457.0,10.32,48,1006000.0,0.0,100600.0,12.3,Home + Auto Loan
102,40,Male,Married,Self-Employed,2114.0,8.24,60,1753360.0,1074640.0,565600.0,13.0,Home Loan
103,49,Female,Married,Unemployed,2800.0,9.17,24,1237600.0,666400.0,190400.0,13.9,Auto Loan
104,49,Female,Single,Self-Employed,2428.0,19.12,48,1393200.0,1846800.0000000002,324000.0,9.9,Home + Auto Loan
105,25,Male,Single,Unemployed,457.0,12.14,60,446220.0,156780.0,60300.0,11.5,Home Loan
106,62,Male,Single,Unemployed,1542.0,12.41,36,2362220.0,150780.00000000015,753900.0,7.2,Home + Auto Loan
107,52,Male,Married,Employed,1257.0,3.18,36,2705550.0,477450.00000000006,1273200.0,14.2,Home Loan
108,47,Male,Divorced,Employed,2542.0,7.67,24,531180.0,2419820.0,885300.0,9.7,Home + Auto Loan
109,62,Female,Married,Unemployed,85.0,5.09,48,2866500.0,1683500.0,910000.0,8.2,Auto Loan
110,30,Female,Single,Unemployed,171.0,15.33,12,852000.0,568000.0,426000.0,6.0,Home Loan
111,37,Female,Divorced,Self-Employed,1514.0,15.34,12,1163880.0,744120.0,763200.0,8.7,Auto Loan
112,27,Female,Divorced,Unemployed,142.0,19.7,12,2288720.0,1127279.9999999998,1366400.0,6.7,Home + Auto Loan
113,39,Male,Married,Self-Employed,0.0,4.34,48,1225290.0,2487709.9999999995,1113899.9999999998,11.9,Home Loan
114,34,Female,Married,Unemployed,57.0,17.38,60,30120.0,722880.0,301200.0,11.4,Auto Loan
115,45,Female,Single,Self-Employed,1171.0,16.81,36,79200.0,3880800.0,396000.0,7.5,Home + Auto Loan
116,26,Male,Single,Unemployed,1114.0,7.33,24,156720.0,1802280.0,783600.0,8.6,Home + Auto Loan
117,60,Male,Divorced,Self-Employed,2342.0,2.95,36,728700.0,1353300.0,416400.0,9.0,Home + Auto Loan
118,58,Male,Divorced,Employed,2285.0,15.33,60,3792400.0,199600.00000000017,399200.0,13.8,Auto Loan
119,56,Female,Divorced,Employed,1714.0,16.13,60,1161600.0,1478400.0000000002,792000.0,13.6,Home + Auto Loan
120,52,Male,Single,Self-Employed,1342.0,13.25,12,29760.0,714240.0,297600.0,10.2,Home Loan
121,52,Female,Single,Self-Employed,2085.0,12.5,60,2545270.0,251729.9999999999,279700.0,9.2,Home + Auto Loan
122,48,Male,Single,Unemployed,142.0,19.83,60,2451800.0,1320200.0,377200.0,8.8,Home Loan
123,30,Female,Single,Self-Employed,1228.0,16.0,36,220990.0,318010.00000000006,161700.0,13.0,Home + Auto Loan
124,26,Female,Single,Unemployed,2200.0,2.55,24,2461600.0,434400.00000000006,868800.0,5.6,Auto Loan
125,61,Female,Married,Self-Employed,2342.0,13.73,60,656320.0000000001,515679.99999999994,117200.0,12.1,Home + Auto Loan
126,62,Female,Divorced,Employed,657.0,19.01,48,1068120.0,1898880.0,890100.0,10.2,Home + Auto Loan
127,28,Male,Married,Employed,1971.0,13.58,60,212670.0,204330.0,125100.0,11.8,Home + Auto Loan
128,44,Male,Married,Unemployed,600.0,8.81,24,359590.0,107409.99999999999,93400.0,12.4,Auto Loan
129,38,Female,Married,Self-Employed,2857.0,7.99,60,1676160.0,51840.000000000044,345600.0,11.8,Auto Loan
130,38,Female,Divorced,Employed,2200.0,1.99,48,1801540.0,395460.0000000001,878800.0,6.8,Auto Loan
131,26,Male,Single,Employed,1857.0,2.74,24,1017900.0000000001,2752100.0,377000.0,5.6,Auto Loan
132,21,Female,Married,Unemployed,1400.0,5.27,36,1200650.0,2044350.0,1298000.0,4.1,Home + Auto Loan
133,61,Female,Married,Employed,1714.0,9.52,12,1170150.0,2864850.0,807000.0,9.1,Home + Auto Loan
134,36,Male,Married,Employed,857.0,1.91,48,875160.0,246839.99999999997,448800.0,8.6,Home Loan
135,49,Male,Married,Unemployed,2285.0,5.6,24,2658960.0,2265040.0,1969600.0,13.9,Auto Loan
136,20,Female,Married,Employed,285.0,2.29,60,2062500.0,1062500.0,1250000.0,11.0,Home Loan
137,52,Male,Single,Employed,1342.0,7.78,12,151040.0,84960.0,94400.0,10.2,Auto Loan
138,62,Male,Divorced,Employed,1971.0,16.78,48,62760.0,1506240.0,470700.0,12.2,Home Loan
139,60,Male,Married,Unemployed,1657.0,4.83,24,1998360.0,563639.9999999999,256200.0,7.0,Home + Auto Loan
140,39,Female,Divorced,Self-Employed,2342.0,7.78,12,100000.0,2400000.0,1000000.0,7.9,Home Loan
141,37,Male,Single,Self-Employed,1400.0,10.43,48,1233580.0,433420.0,666800.0,9.7,Auto Loan
142,37,Male,Divorced,Employed,657.0,7.1,12,1102520.0,1461480.0000000002,1025600.0,12.7,Auto Loan
143,38,Female,Single,Employed,1257.0,14.81,36,313950.0,141050.00000000003,182000.0,11.8,Home Loan
144,37,Male,Married,Self-Employed,2714.0,3.71,60,184110.0,176890.0,144400.0,6.7,Home Loan
145,22,Male,Married,Unemployed,1400.0,12.5,48,137640.0,234360.0,74400.0,12.2,Auto Loan
146,48,Male,Divorced,Unemployed,1142.0,19.25,12,811780.0,1382220.0,438800.0,9.8,Home Loan
147,51,Female,Divorced,Self-Employed,2571.0,19.93,36,1463000.0,436999.99999999994,190000.0,13.1,Home Loan
148,32,Male,Married,Self-Employed,2600.0,16.4,36,142120.0,693880.0,83600.0,11.2,Home Loan
149,65,Male,Divorced,Self-Employed,2600.0,10.67,12,2662200.0,469800.00000000006,939600.0,9.5,Home + Auto Loan
150,35,Female,Married,Unemployed,1685.0,12.63,12,677730.0,511270.00000000006,356700.0,12.5,Home + Auto Loan
151,45,Female,Divorced,Self-Employed,257.0,13.2,48,2262380.0,496620.0000000001,1103600.0,7.5,Auto Loan
152,53,Female,Married,Employed,200.0,3.91,24,1911780.0,2534220.0000000005,889200.0,7.3,Home + Auto Loan
153,65,Male,Single,Employed,2314.0,3.38,36,600500.0,1801500.0,720600.0,15.5,Home Loan
154,25,Male,Divorced,Employed,2628.0,17.01,60,1935120.0,996879.9999999999,586400.0,12.5,Home + Auto Loan
155,25,Male,Divorced,Unemployed,2085.0,10.46,60,74340.0,279660.0,106200.0,9.5,Auto Loan
156,39,Female,Married,Self-Employed,2514.0,9.35,48,641700.0,784300.0000000001,570400.0,4.9,Auto Loan
157,41,Male,Single,Unemployed,1257.0,15.45,60,1185030.0,11970.000000000011,359100.0,11.1,Home Loan
158,40,Male,Single,Self-Employed,514.0,6.51,48,236250.0,288750.0,52500.0,6.0,Home Loan
159,35,Male,Single,Employed,1800.0,10.48,36,3052160.0,963840.0,1204800.0,12.5,Auto Loan
160,25,Female,Divorced,Employed,1285.0,6.35,60,115280.0,408720.0,209600.0,3.5,Home Loan
161,50,Female,Divorced,Employed,942.0,7.95,48,1497690.0,1985310.0000000002,348300.0,11.0,Home + Auto Loan
162,55,Male,Single,Employed,1628.0,16.68,60,953940.0,1492060.0,733800.0,14.5,Home Loan
163,27,Male,Married,Self-Employed,1228.0,15.34,24,2501930.0,665069.9999999999,1266800.0,11.7,Home Loan
164,45,Male,Married,Employed,1714.0,3.83,60,2792430.0,1140570.0000000002,393300.0,13.5,Home + Auto Loan
165,59,Female,Married,Unemployed,1085.0,10.64,60,2162280.0,759720.0,1168800.0,15.9,Home Loan
166,65,Female,Single,Self-Employed,400.0,6.85,12,1648680.0,3347319.9999999995,499600.0,13.5,Home Loan
167,36,Male,Divorced,Unemployed,1914.0,3.81,24,1578720.0,1710280.0,328900.0,13.6,Home + Auto Loan
168,64,Male,Married,Self-Employed,542.0,8.8,60,561100.0,1248900.0,181000.0,13.4,Auto Loan
169,23,Male,Divorced,Unemployed,2400.0,8.16,24,1487640.0,3020359.9999999995,901600.0,10.3,Auto Loan
170,41,Female,Divorced,Unemployed,885.0,6.67,36,2295360.0,2486640.0,1434600.0,9.1,Auto Loan
171,33,Female,Single,Self-Employed,2628.0,3.32,60,1407840.0000000002,1106159.9999999998,1005600.0,8.3,Auto Loan
172,42,Male,Single,Self-Employed,285.0,13.46,48,3658560.0,152440.00000000015,381100.0,10.2,Home + Auto Loan
173,54,Female,Divorced,Employed,2685.0,5.61,60,231770.0,1875230.0,632100.0,15.4,Home + Auto Loan
174,34,Male,Married,Self-Employed,342.0,19.33,24,102960.0,40040.00000000001,57200.0,6.4,Auto Loan
175,50,Female,Divorced,Self-Employed,2342.0,13.39,24,272000.0,578000.0,170000.0,6.0,Home Loan
176,22,Male,Single,Employed,1428.0,18.8,36,1663000.0,0.0,332600.0,10.2,Home + Auto Loan
177,39,Male,Single,Self-Employed,1971.0,17.9,24,4200570.0,42430.00000000004,1272900.0,12.9,Home Loan
178,37,Male,Married,Employed,2342.0,1.27,36,1213260.0,448740.00000000006,498600.0,8.7,Auto Loan
179,63,Male,Married,Self-Employed,314.0,4.51,24,468000.0,432000.0,360000.0,13.3,Auto Loan
180,35,Male,Single,Employed,971.0,12.07,60,1184850.0,1448150.0000000002,1053200.0,9.5,Home + Auto Loan
181,61,Female,Divorced,Employed,1685.0,8.7,60,964800.0,475199.99999999994,288000.0,11.1,Home Loan
182,64,Male,Divorced,Self-Employed,800.0,3.91,60,2507710.0,1603290.0,1233300.0,9.4,Auto Loan
183,64,Female,Divorced,Employed,2171.0,9.49,36,3065440.0,1442559.9999999998,901600.0,8.4,Home + Auto Loan
184,27,Male,Divorced,Unemployed,600.0,9.39,24,2411100.0,2053899.9999999998,893000.0,8.7,Home Loan
185,51,Male,Divorced,Employed,1857.0,11.71,60,1769400.0,2162600.0,1572800.0,12.1,Auto Loan
186,39,Male,Single,Employed,2114.0,9.05,12,360000.0,120000.0,144000.0,5.9,Home Loan
187,24,Female,Married,Self-Employed,485.0,19.86,48,583380.0,2657620.0,972300.0,9.4,Auto Loan
188,44,Male,Divorced,Unemployed,428.0,8.47,24,3962020.0,644980.0000000001,921400.0,7.4,Home Loan
189,20,Male,Single,Unemployed,1542.0,16.64,24,2363040.0,918960.0000000001,1312800.0,11.0,Auto Loan
190,29,Female,Married,Employed,1514.0,5.57,12,187110.0,43889.999999999985,23100.0,12.9,Home + Auto Loan
191,22,Female,Divorced,Employed,1457.0,11.26,12,1528840.0,537160.0,206600.0,10.2,Home + Auto Loan
192,38,Male,Divorced,Unemployed,2457.0,6.73,24,1252200.0,834800.0,626100.0,9.8,Home Loan
193,34,Female,Single,Employed,2142.0,11.56,12,2063040.0000000002,1620959.9999999998,1105200.0,6.4,Auto Loan
194,62,Female,Divorced,Unemployed,542.0,4.49,60,1368360.0,1889640.0000000002,977400.0,11.2,Auto Loan
195,34,Female,Divorced,Self-Employed,2028.0,11.59,24,3270540.0,323459.9999999999,718800.0,10.4,Auto Loan
196,36,Male,Single,Self-Employed,314.0,1.98,48,1443300.0,254700.00000000003,169800.0,12.6,Home Loan
197,58,Male,Married,Unemployed,2028.0,4.97,36,2967120.0,1153880.0,824200.0,9.8,Auto Loan
198,33,Male,Divorced,Unemployed,1742.0,8.54,24,1816000.0,0.0,181600.0,7.3,Home Loan
199,38,Female,Single,Self-Employed,1857.0,2.87,48,1042340.0,2966660.0,1202700.0,11.8,Auto Loan
200,43,Female,Single,Unemployed,2685.0,5.95,60,202960.0,33040.0,23600.0,7.3,Home Loan
201,46,Female,Married,Self-Employed,2057.0,11.46,36,986240.0,3301760.0,857600.0,8.6,Auto Loan
202,61,Female,Single,Unemployed,600.0,10.28,60,3701150.0,983849.9999999999,937000.0,9.1,Home Loan
203,53,Male,Married,Employed,2285.0,14.44,12,274700.0,395300.00000000006,67000.0,9.3,Home + Auto Loan
204,49,Female,Married,Unemployed,0.0,8.82,12,2316720.0,2411280.0,1891200.0,13.9,Home Loan
205,37,Female,Married,Employed,342.0,5.58,60,148390.0,1200610.0,539600.0,12.7,Home Loan
206,42,Female,Single,Self-Employed,1657.0,19.81,24,2054400.0,85600.00000000007,214000.0,14.2,Auto Loan
207,25,Male,Married,Self-Employed,1714.0,14.35,12,68020.0,110980.0,71600.0,3.5,Auto Loan
208,61,Female,Divorced,Unemployed,828.0,10.03,12,4466600.0,388399.9999999998,485500.0,10.1,Home + Auto Loan
209,37,Male,Married,Employed,2142.0,18.65,36,3303360.0,137640.00000000012,1032300.0,6.7,Home + Auto Loan
210,35,Female,Divorced,Self-Employed,485.0,15.16,36,3268760.0,1032240.0,1290300.0,5.5,Home + Auto Loan
211,47,Male,Married,Unemployed,2171.0,1.56,36,2185260.0,652740.0,851400.0,11.7,Auto Loan
212,34,Female,Divorced,Self-Employed,2114.0,15.67,36,155610.0,663390.0,327600.0,10.4,Home + Auto Loan
213,24,Male,Single,Self-Employed,2314.0,7.02,12,2391280.0,976720.0000000001,673600.0,5.4,Home + Auto Loan
214,39,Female,Single,Employed,657.0,11.58,60,502450.0,3362550.0,1159500.0,10.9,Auto Loan
215,21,Male,Single,Unemployed,1171.0,6.55,48,122400.0,81600.0,20400.0,9.1,Home + Auto Loan
216,55,Male,Divorced,Unemployed,485.0,6.1,24,997880.0,1628120.0,525200.0,10.5,Home + Auto Loan
217,47,Female,Single,Self-Employed,1314.0,14.7,48,1691820.0,477179.99999999994,650700.0,9.7,Home Loan
218,32,Female,Married,Self-Employed,1428.0,16.28,36,32870.0,3254130.0,657400.0,9.2,Auto Loan
219,47,Male,Single,Unemployed,714.0,4.38,48,2599200.0,136800.00000000012,820800.0,12.7,Auto Loan
220,64,Female,Divorced,Self-Employed,2857.0,3.16,60,1201560.0,1960440.0,632400.0,13.4,Home + Auto Loan
221,54,Male,Divorced,Unemployed,2571.0,16.16,12,1737880.0,2040120.0000000002,377800.0,9.4,Auto Loan
222,51,Male,Divorced,Employed,542.0,2.41,60,815500.0,2446500.0,978600.0,12.1,Auto Loan
223,45,Female,Divorced,Self-Employed,1942.0,3.08,24,569100.0,243900.00000000003,81300.0,14.5,Home Loan
224,42,Male,Divorced,Unemployed,2457.0,19.35,48,2824360.0,57640.00000000005,288200.0,11.2,Home + Auto Loan
225,26,Female,Married,Self-Employed,1685.0,3.86,12,1590260.0,2707740.0,859600.0,12.6,Auto Loan
226,38,Female,Married,Unemployed,1114.0,15.9,60,548800.0,3371200.0,392000.0,9.8,Auto Loan
227,50,Male,Single,Self-Employed,142.0,17.13,12,20230.000000000004,268770.0,115600.0,7.0,Home Loan
228,35,Male,Divorced,Self-Employed,1685.0,12.97,24,1958880.0000000002,1539119.9999999998,699600.0,7.5,Home Loan
229,47,Female,Married,Self-Employed,1400.0,4.91,12,1122180.0,779820.0000000001,380400.0,5.7,Home Loan
230,54,Male,Single,Employed,942.0,19.35,36,2082420.0,2444580.0,1358100.0,13.4,Home Loan
231,59,Female,Divorced,Self-Employed,1657.0,16.46,36,541450.0,1005550.0,154700.0,15.9,Home Loan
232,25,Male,Single,Employed,657.0,10.71,48,398660.0,887339.9999999999,128600.0,8.5,Home Loan
233,56,Female,Single,Self-Employed,2514.0,4.17,36,3043200.0,1711800.0,951000.0,8.6,Home + Auto Loan
234,40,Female,Divorced,Self-Employed,1771.0,16.49,60,1650150.0,86850.00000000007,173700.0,7.0,Home Loan
235,51,Female,Divorced,Self-Employed,1600.0,2.57,12,1067130.0,435870.00000000006,601200.0,13.1,Home + Auto Loan
236,22,Female,Married,Employed,2057.0,10.71,60,3674580.0,1036419.9999999999,1413300.0,10.2,Home + Auto Loan
237,54,Female,Divorced,Unemployed,771.0,14.98,24,421960.0,537040.0,95900.0,12.4,Auto Loan
238,48,Female,Single,Self-Employed,428.0,16.4,60,1619070.0,241930.0,186100.0,8.8,Home Loan
239,65,Female,Married,Employed,200.0,11.11,60,2464830.0,578169.9999999999,608600.0,16.5,Home Loan
240,40,Female,Single,Unemployed,2457.0,19.29,48,1224630.0,12370.000000000011,371100.0,6.0,Home + Auto Loan
241,61,Male,Divorced,Employed,1171.0,10.3,60,509100.0,2884900.0,678800.0,10.1,Home Loan
242,60,Female,Single,Employed,2800.0,10.8,36,2191770.0,1287230.0,1391600.0,8.0,Home Loan
243,49,Female,Single,Unemployed,1657.0,16.12,48,56790.0,574210.0,63100.0,10.9,Home + Auto Loan
244,33,Female,Single,Self-Employed,2085.0,17.2,36,1648660.0000000002,3200339.9999999995,1454700.0,6.3,Home Loan
245,22,Male,Divorced,Employed,571.0,1.01,48,471600.0,3458400.0,1572000.0,10.2,Home + Auto Loan
246,28,Female,Married,Employed,914.0,13.63,24,2092350.0,1126650.0,965700.0,4.8,Home + Auto Loan
247,60,Female,Divorced,Self-Employed,2571.0,5.06,12,71940.0,37060.0,21800.0,8.0,Home + Auto Loan
248,34,Female,Married,Unemployed,428.0,10.08,24,411060.00000000006,797939.9999999999,120900.0,10.4,Auto Loan
249,26,Male,Single,Self-Employed,2828.0,2.3,60,181720.00000000003,1116280.0,389400.0,5.6,Home + Auto Loan
250,61,Male,Single,Unemployed,2714.0,12.71,48,746340.0,2807660.0,1066200.0,9.1,Home + Auto Loan
251,26,Male,Married,Self-Employed,1142.0,6.26,12,2091840.0,87160.00000000007,871600.0,5.6,Home + Auto Loan
252,58,Female,Divorced,Unemployed,742.0,4.58,48,3849120.0,524880.0,437400.0,14.8,Auto Loan
253,23,Male,Single,Employed,2314.0,11.04,12,167040.0,528960.0,278400.0,12.3,Auto Loan
254,28,Female,Divorced,Self-Employed,628.0,1.32,12,391600.00000000006,320399.99999999994,284800.0,10.8,Home + Auto Loan
255,33,Male,Married,Unemployed,2600.0,9.05,48,1039649.9999999999,2545350.0,1434000.0,12.3,Home + Auto Loan
256,54,Male,Single,Self-Employed,742.0,7.21,60,368000.0,4232000.0,460000.0,8.4,Home Loan
257,63,Male,Single,Unemployed,857.0,2.64,48,2043450.0,107550.0000000001,860400.0,7.3,Home + Auto Loan
258,59,Male,Single,Employed,485.0,10.43,36,14740.0,1459260.0,294800.0,6.9,Home Loan
259,36,Male,Single,Unemployed,971.0,7.37,48,269880.0,76119.99999999999,69200.0,5.6,Auto Loan
260,24,Female,Divorced,Self-Employed,1314.0,17.33,24,1973860.0,2317140.0,429100.0,3.4,Auto Loan
261,36,Male,Divorced,Employed,0.0,5.65,48,150220.0,52780.0,20300.0,4.6,Auto Loan
262,29,Male,Married,Employed,1514.0,16.69,60,760000.0,1614999.9999999998,950000.0,8.9,Auto Loan
263,52,Male,Married,Unemployed,1457.0,17.45,36,3920980.0,80020.00000000007,800200.0,7.2,Auto Loan
264,55,Female,Married,Employed,2857.0,9.81,60,619150.0,1515850.0,640500.0,10.5,Auto Loan
265,54,Male,Married,Self-Employed,1971.0,19.07,12,3600.0,176400.0,18000.0,11.4,Home Loan
266,39,Male,Married,Self-Employed,200.0,2.77,24,1199030.0,1247970.0,489400.0,6.9,Home Loan
267,64,Female,Single,Unemployed,485.0,12.25,12,72800.0,655200.0,72800.0,13.4,Auto Loan
268,28,Male,Single,Self-Employed,1428.0,9.6,24,2574240.0,193759.99999999985,830400.0,8.8,Home + Auto Loan
269,28,Male,Married,Employed,1142.0,11.18,24,500850.0,612150.0,111300.0,9.8,Auto Loan
270,49,Female,Married,Employed,1085.0,5.09,36,354780.0,83219.99999999997,43800.0,14.9,Home + Auto Loan
271,65,Male,Single,Unemployed,1085.0,1.59,48,77950.0,1481050.0,623600.0,11.5,Auto Loan
272,55,Male,Married,Employed,485.0,2.17,24,160000.0,39999.99999999999,80000.0,7.5,Home + Auto Loan
273,45,Female,Divorced,Unemployed,257.0,4.76,48,378190.0,262810.0,64100.0,5.5,Home + Auto Loan
274,41,Male,Married,Employed,2085.0,10.43,48,580210.0,2832790.0,1365200.0,11.1,Home Loan
275,31,Female,Married,Self-Employed,542.0,13.3,48,605360.0,1556640.0,432400.0,4.1,Auto Loan
276,50,Male,Married,Self-Employed,714.0,12.98,60,306600.00000000006,1883400.0,657000.0,14.0,Home + Auto Loan
277,65,Female,Single,Self-Employed,1828.0,6.14,12,3055780.0,302219.9999999999,1343200.0,12.5,Auto Loan
278,34,Male,Single,Self-Employed,2800.0,19.51,12,1088090.0,964910.0,205300.0,13.4,Home + Auto Loan
279,35,Female,Divorced,Employed,1400.0,4.35,60,903059.9999999999,653940.0000000001,155700.0,9.5,Auto Loan
280,64,Female,Divorced,Unemployed,2057.0,11.7,24,904400.0,387600.00000000006,129200.0,16.4,Auto Loan
281,39,Male,Single,Employed,2200.0,11.0,12,16020.0,250980.0,26700.0,7.9,Auto Loan
282,32,Male,Single,Self-Employed,514.0,15.71,60,77280.0,1210720.0,257600.0,13.2,Auto Loan
283,43,Female,Divorced,Self-Employed,485.0,16.05,48,1129500.0,2635500.0,376500.0,7.3,Home Loan
284,31,Female,Married,Self-Employed,2514.0,4.38,12,362080.0,805919.9999999999,233600.0,8.1,Home Loan
285,45,Male,Married,Unemployed,2057.0,3.67,12,937640.0,3324360.0,1278600.0,6.5,Home + Auto Loan
286,40,Male,Divorced,Unemployed,2657.0,1.22,24,2577490.0,1269509.9999999998,384700.0,10.0,Home + Auto Loan
287,24,Female,Single,Unemployed,1400.0,19.41,48,0.0,3620000.0,362000.0,10.4,Auto Loan
288,42,Female,Married,Unemployed,2485.0,9.57,12,951600.0,512399.99999999994,585600.0,8.2,Auto Loan
289,40,Female,Married,Self-Employed,1371.0,11.39,12,123930.00000000001,605070.0,72900.0,7.0,Auto Loan
290,59,Female,Divorced,Self-Employed,600.0,3.98,12,3517480.0,224520.0000000002,374200.0,15.9,Auto Loan
291,32,Female,Divorced,Unemployed,857.0,8.47,60,144480.0,371520.0,154800.0,5.2,Auto Loan
292,23,Female,Married,Employed,2400.0,4.79,12,1197410.0,2931590.0,1651600.0,12.3,Home + Auto Loan
293,60,Female,Married,Employed,1428.0,18.0,36,1302930.0,2900070.0,1681200.0,14.0,Home + Auto Loan
294,54,Female,Married,Self-Employed,1628.0,9.36,36,854330.0,1454670.0,692700.0,6.4,Home + Auto Loan
295,56,Male,Married,Employed,1971.0,11.52,48,1346030.0,662969.9999999999,200900.0,12.6,Home Loan
296,54,Female,Divorced,Self-Employed,1428.0,11.85,60,1293600.0,3018400.0,862400.0,6.4,Home Loan
297,59,Male,Married,Employed,600.0,3.4,48,1631150.0,85850.00000000007,686800.0,9.9,Home + Auto Loan
298,47,Male,Divorced,Unemployed,2657.0,8.37,48,215800.0,614200.0,166000.0,6.7,Home Loan
299,37,Female,Married,Employed,514.0,15.41,12,2045079.9999999998,2942920.0000000005,1995200.0,13.7,Home + Auto Loan
300,26,Female,Divorced,Self-Employed,2371.0,12.57,12,1273480.0,3624520.0,1469400.0,10.6,Home + Auto Loan
301,45,Male,Divorced,Employed,1200.0,15.17,36,205200.0,307800.0,205200.0,8.5,Auto Loan
302,41,Female,Single,Self-Employed,2485.0,3.55,48,1730320.0,281680.0,603600.0,6.1,Auto Loan
303,46,Male,Married,Employed,1485.0,17.48,12,4034030.0,398969.9999999999,1773200.0,12.6,Home Loan
304,24,Female,Divorced,Employed,1914.0,4.3,24,267540.0,75459.99999999999,137200.0,12.4,Home + Auto Loan
305,22,Female,Married,Unemployed,1342.0,8.54,12,867400.0,3469600.0,1301100.0,10.2,Home Loan
306,35,Female,Single,Employed,1714.0,7.65,24,4536000.0,189000.00000000017,1890000.0,13.5,Auto Loan
307,64,Male,Single,Self-Employed,2085.0,13.3,24,97850.0,1859150.0,195700.0,10.4,Auto Loan
308,46,Male,Divorced,Self-Employed,2342.0,5.25,60,155610.0,15389.999999999995,17100.0,7.6,Auto Loan
309,65,Female,Single,Self-Employed,771.0,13.87,60,1212100.0,1422900.0,1054000.0,14.5,Auto Loan
310,26,Male,Divorced,Unemployed,2200.0,14.0,48,1692600.0,911400.0,781200.0,7.6,Home + Auto Loan
311,37,Female,Single,Unemployed,2371.0,3.85,24,1192800.0,487200.00000000006,504000.0,8.7,Home + Auto Loan
312,45,Female,Divorced,Unemployed,1800.0,18.23,48,68280.0,2207720.0,455200.0,9.5,Auto Loan
313,22,Male,Single,Unemployed,2857.0,10.64,24,1646710.0,1460290.0,621400.0,10.2,Home Loan
314,31,Female,Married,Employed,2628.0,18.99,36,1210640.0,425360.0,654400.0,12.1,Home Loan
315,34,Female,Married,Self-Employed,1200.0,12.13,48,1805940.0,480059.99999999994,685800.0,9.4,Home + Auto Loan
316,23,Male,Single,Unemployed,2485.0,6.67,12,545400.0,3999600.0,909000.0,9.3,Home + Auto Loan
317,32,Female,Single,Employed,2600.0,10.26,24,248960.0,529040.0,311200.0,6.2,Auto Loan
318,23,Male,Single,Employed,600.0,10.3,12,1086040.0,342960.0,428700.0,12.3,Home + Auto Loan
319,47,Female,Single,Self-Employed,114.0,14.88,12,673740.0,1099260.0,709200.0,13.7,Auto Loan
320,32,Male,Divorced,Unemployed,800.0,3.45,48,1984140.0,733860.0,271800.0,9.2,Home Loan
321,39,Male,Married,Self-Employed,1657.0,7.42,24,4272150.0,224850.0000000002,449700.0,12.9,Auto Loan
322,42,Male,Married,Employed,2657.0,14.95,60,430560.0,1441440.0,748800.0,7.2,Home Loan
323,27,Female,Divorced,Self-Employed,914.0,12.28,12,447040.0,60960.0,50800.0,11.7,Home Loan
324,61,Male,Married,Self-Employed,428.0,10.01,24,976800.0,1243200.0000000002,222000.0,15.1,Home + Auto Loan
325,63,Male,Single,Unemployed,1885.0,8.96,12,125100.0,1125900.0,500400.0,11.3,Home Loan
326,59,Male,Single,Employed,2200.0,16.8,24,1153000.0,1153000.0,230600.0,9.9,Auto Loan
327,46,Female,Married,Unemployed,742.0,5.46,12,1436500.0,1436500.0,287300.0,12.6,Home Loan
328,27,Female,Married,Unemployed,2628.0,13.24,48,179760.0,2067240.0,224700.0,4.7,Auto Loan
329,49,Male,Married,Employed,1314.0,15.03,12,3122900.0,551100.0000000001,734800.0,10.9,Home + Auto Loan
330,28,Male,Single,Self-Employed,971.0,16.48,24,3096960.0,129040.00000000012,967800.0,4.8,Home + Auto Loan
331,45,Female,Single,Unemployed,1514.0,3.52,12,890800.0,157200.00000000003,419200.0,7.5,Home + Auto Loan
332,46,Female,Divorced,Employed,2828.0,17.39,24,208620.0,133380.0,136800.0,10.6,Auto Loan
333,27,Female,Single,Employed,1142.0,15.58,60,1170520.0,3331480.0,450200.0,3.7,Home Loan
334,34,Female,Divorced,Self-Employed,885.0,13.61,48,1980000.0,1019999.9999999999,300000.0,11.4,Home + Auto Loan
335,59,Male,Married,Unemployed,1800.0,15.28,36,618800.0,109200.00000000001,145600.0,8.9,Home + Auto Loan
336,37,Male,Divorced,Unemployed,1457.0,9.72,60,487040.0,273960.0,152200.0,7.7,Auto Loan
337,51,Female,Single,Self-Employed,57.0,8.83,60,2613000.0,871000.0,348400.0,7.1,Home Loan
338,25,Female,Divorced,Unemployed,1228.0,16.52,48,371850.0,183149.99999999997,111000.0,8.5,Auto Loan
339,59,Female,Divorced,Unemployed,342.0,7.49,36,53100.0,64900.00000000001,35400.0,9.9,Home Loan
340,43,Male,Married,Self-Employed,2600.0,5.83,24,139580.0,857420.0,199400.0,11.3,Home + Auto Loan
341,45,Male,Single,Unemployed,2742.0,18.61,60,166600.0,323399.99999999994,98000.0,11.5,Home + Auto Loan
342,49,Male,Single,Unemployed,2000.0,18.56,24,3071740.0,1079260.0,415100.0,11.9,Home Loan
343,31,Male,Married,Unemployed,1171.0,8.95,60,1996200.0,1330800.0,1330800.0,12.1,Home Loan
344,37,Female,Single,Self-Employed,485.0,6.68,60,3517600.0,879399.9999999998,1319100.0,10.7,Auto Loan
345,55,Male,Married,Unemployed,2485.0,19.65,24,861230.0,351770.00000000006,242600.0,11.5,Home Loan
346,64,Female,Divorced,Self-Employed,2114.0,13.81,60,2017120.0000000002,1584879.9999999998,360200.0,16.4,Auto Loan
347,20,Male,Married,Employed,200.0,15.25,24,117000.0,2223000.0,936000.0,6.0,Auto Loan
348,36,Male,Married,Employed,114.0,2.95,60,2922750.0,974250.0,1169100.0,9.6,Home + Auto Loan
349,61,Female,Married,Unemployed,1371.0,19.18,36,2372040.0,1221960.0,1078200.0,13.1,Home Loan
350,20,Female,Married,Employed,2571.0,15.03,24,4263350.0,421649.9999999998,1874000.0,8.0,Home Loan
351,38,Female,Married,Employed,2685.0,8.17,48,1056960.0,44040.00000000004,110100.0,12.8,Auto Loan
352,36,Male,Married,Employed,2571.0,3.92,36,143550.0,291449.99999999994,130499.99999999997,6.6,Home Loan
353,60,Female,Single,Employed,1142.0,19.18,60,1517100.0,427899.99999999994,583500.0,15.0,Home + Auto Loan
354,30,Female,Divorced,Employed,771.0,7.86,24,1006949.9999999999,1870050.0,1150800.0,9.0,Home Loan
355,50,Male,Married,Self-Employed,2342.0,19.22,36,514800.0,1630200.0,643500.0,15.0,Auto Loan
356,44,Female,Divorced,Employed,2800.0,16.25,48,4016740.0,397259.9999999999,1324200.0,10.4,Auto Loan
357,38,Male,Single,Employed,2800.0,1.14,12,777410.0,3795590.0,457300.0,12.8,Home + Auto Loan
358,60,Male,Divorced,Employed,2542.0,15.19,24,148050.0,556950.0,282000.0,13.0,Home + Auto Loan
359,65,Female,Married,Employed,914.0,11.92,24,34550.0,656450.0,69100.0,15.5,Auto Loan
360,44,Female,Divorced,Self-Employed,1400.0,1.11,60,1467840.0,3119159.9999999995,1834800.0,6.4,Home + Auto Loan
361,57,Male,Divorced,Self-Employed,371.0,12.52,36,2444040.0,183959.99999999988,262800.0,10.7,Auto Loan
362,45,Male,Single,Unemployed,2714.0,6.6,24,1029160.0,3648840.0,935600.0,11.5,Auto Loan
363,61,Female,Married,Employed,2085.0,11.21,12,136240.0,3269760.0,681200.0,16.1,Auto Loan
364,42,Male,Single,Employed,2228.0,3.18,60,311400.0,1418600.0,346000.0,9.2,Home + Auto Loan
365,49,Male,Single,Self-Employed,2628.0,19.08,36,418700.0,3768300.0,418700.0,14.9,Home + Auto Loan
366,61,Male,Married,Unemployed,685.0,9.56,60,292320.0,3883679.9999999995,1252799.9999999998,12.1,Home Loan
367,64,Male,Divorced,Self-Employed,600.0,5.68,24,2617920.0,109080.0000000001,818100.0,7.4,Home Loan
368,61,Female,Single,Employed,1200.0,9.46,36,2708440.0,1274559.9999999998,1194900.0,14.1,Auto Loan
369,26,Male,Divorced,Self-Employed,485.0,6.0,12,1503280.0,244720.00000000003,174800.0,11.6,Home Loan
370,21,Male,Divorced,Unemployed,114.0,11.33,60,480060.0,1805940.0,914400.0,11.1,Auto Loan
371,29,Female,Single,Unemployed,1057.0,10.52,12,2918540.0,1079460.0,799600.0,5.9,Auto Loan
372,52,Male,Divorced,Unemployed,2742.0,9.48,24,869040.0000000001,408959.99999999994,255600.0,14.2,Home Loan
373,62,Male,Divorced,Self-Employed,2771.0,2.19,36,81760.0,1962240.0,817600.0,14.2,Home + Auto Loan
374,62,Male,Divorced,Self-Employed,1657.0,19.63,36,204450.0,230550.0,130500.0,7.2,Home + Auto Loan
375,53,Female,Divorced,Unemployed,628.0,7.94,12,1768500.0,1506500.0,982500.0,12.3,Home Loan
376,44,Male,Divorced,Self-Employed,1257.0,17.86,12,3398080.0,745920.0000000002,1657600.0,12.4,Home Loan
377,48,Male,Married,Unemployed,771.0,3.99,60,1067520.0,600480.0,166800.0,7.8,Home Loan
378,62,Male,Single,Unemployed,2457.0,5.0,24,452980.0,3665020.0,1235400.0,14.2,Home Loan
379,21,Male,Married,Unemployed,485.0,17.93,24,253110.0,175890.0,85800.0,11.1,Home + Auto Loan
380,36,Male,Divorced,Unemployed,2314.0,19.0,24,2403660.0,74340.00000000007,991200.0,4.6,Auto Loan
381,50,Female,Married,Self-Employed,2114.0,6.03,36,2631000.0,1754000.0,877000.0,8.0,Auto Loan
382,57,Male,Married,Self-Employed,57.0,17.33,60,583050.0,3901950.0,1794000.0,9.7,Home Loan
383,29,Male,Married,Unemployed,2857.0,15.3,12,2593200.0,1728800.0,1728800.0,11.9,Auto Loan
384,28,Male,Divorced,Unemployed,142.0,5.36,48,1553160.0,2144840.0000000005,1479200.0000000002,11.8,Auto Loan
385,57,Male,Single,Self-Employed,828.0,12.37,60,1188480.0,1287520.0,495200.0,7.7,Auto Loan
386,32,Male,Divorced,Unemployed,1885.0,13.44,36,1687920.0,1558080.0,324600.0,4.2,Auto Loan
387,26,Male,Single,Self-Employed,1542.0,12.63,48,2691950.0,475050.00000000006,950100.0,12.6,Home + Auto Loan
388,55,Female,Married,Unemployed,914.0,7.54,48,2720300.0,2225700.0,1483800.0,10.5,Home Loan
389,62,Male,Divorced,Self-Employed,571.0,10.66,36,1481220.0,417779.99999999994,379800.0,8.2,Home Loan
390,64,Male,Married,Unemployed,314.0,18.59,48,40570.0,4016430.0,1622800.0,9.4,Home + Auto Loan
391,36,Male,Single,Unemployed,1400.0,6.44,60,178840.0,4292160.0,447100.0,10.6,Home + Auto Loan
392,60,Female,Single,Employed,1885.0,1.64,60,1473900.0,260100.00000000003,173400.0,11.0,Home Loan
393,64,Male,Divorced,Unemployed,857.0,2.65,36,56840.0,1364160.0,284200.0,7.4,Auto Loan
394,62,Female,Single,Unemployed,2571.0,11.44,60,17120.0,838880.0,171200.0,8.2,Home Loan
395,42,Female,Married,Self-Employed,2085.0,4.33,60,2129700.0,160299.99999999988,458000.0,5.2,Home + Auto Loan
396,24,Female,Single,Unemployed,1942.0,14.19,48,2110080.0,87920.00000000007,219800.0,12.4,Home Loan
397,35,Female,Single,Unemployed,1742.0,2.28,24,1946180.0,316820.00000000006,905200.0,5.5,Home Loan
398,34,Female,Single,Unemployed,2542.0,6.46,48,1178820.0,1004179.9999999999,654900.0,8.4,Home Loan
399,41,Male,Divorced,Self-Employed,771.0,4.47,24,730670.0,1626329.9999999998,471400.0,14.1,Auto Loan
400,32,Male,Divorced,Self-Employed,714.0,3.96,12,648270.0,2438730.0,617400.0,7.2,Home + Auto Loan
401,63,Female,Divorced,Unemployed,1742.0,10.35,60,2636160.0,109840.0000000001,274600.0,12.3,Auto Loan
402,31,Female,Single,Unemployed,1914.0,18.85,12,534560.0,3577440.0,822400.0,10.1,Home Loan
403,45,Male,Single,Unemployed,1142.0,13.81,48,103480.0,95520.0,19900.0,5.5,Home Loan
404,40,Female,Divorced,Employed,857.0,19.21,36,2229700.0,1824299.9999999998,1216200.0,9.0,Auto Loan
405,51,Female,Married,Unemployed,1314.0,9.56,60,1834500.0,611500.0,978400.0,12.1,Home + Auto Loan
406,63,Male,Married,Employed,1371.0,16.2,24,740880.0000000001,582119.9999999999,396900.0,10.3,Auto Loan
407,31,Female,Single,Unemployed,2628.0,6.7,60,2174640.0,2007360.0,836400.0,9.1,Home Loan
408,45,Male,Divorced,Employed,914.0,9.55,36,199760.0,708240.0,181600.0,12.5,Auto Loan
409,43,Female,Single,Self-Employed,2457.0,11.96,60,212280.0,1556720.0,176900.0,14.3,Home + Auto Loan
410,42,Female,Divorced,Unemployed,285.0,9.81,24,1126800.0,1377200.0,1001600.0,11.2,Home + Auto Loan
411,41,Female,Divorced,Employed,1228.0,7.02,36,218400.0,2511600.0,1092000.0,8.1,Home Loan
412,58,Female,Single,Self-Employed,1885.0,4.18,12,2679750.0,893250.0,1429200.0,13.8,Home + Auto Loan
413,35,Female,Divorced,Employed,371.0,18.8,48,107950.00000000001,527050.0,63500.0,5.5,Home Loan
414,21,Female,Divorced,Employed,542.0,6.88,24,876200.0,2493800.0,337000.0,4.1,Home Loan
415,48,Male,Married,Employed,1285.0,9.88,60,163760.0,3930240.0,818800.0,10.8,Auto Loan
416,48,Male,Divorced,Unemployed,2285.0,10.95,60,2249400.0,1499600.0,749800.0,14.8,Auto Loan
417,50,Male,Married,Self-Employed,942.0,1.2,60,979390.0,1667610.0,1058800.0,8.0,Home + Auto Loan
418,38,Female,Divorced,Unemployed,2742.0,1.17,48,2403960.0,209039.99999999988,261300.0,11.8,Auto Loan
419,34,Male,Divorced,Employed,2028.0,5.75,48,1398510.0,2012490.0000000002,1023300.0,10.4,Auto Loan
420,36,Male,Single,Unemployed,2228.0,13.32,60,1890880.0,597120.0,497600.0,8.6,Auto Loan
421,32,Male,Married,Self-Employed,1657.0,6.17,60,428780.0,3469220.0,779600.0,13.2,Auto Loan
422,40,Male,Married,Unemployed,371.0,3.38,48,47160.0,2310840.0,235800.0,9.0,Home Loan
423,34,Male,Married,Self-Employed,1514.0,19.96,48,941820.0,3339180.0,428100.0,8.4,Home Loan
424,41,Male,Married,Self-Employed,257.0,4.45,36,3154320.0,889679.9999999999,404400.0,13.1,Auto Loan
425,27,Male,Single,Employed,114.0,14.97,12,2934840.0,1031160.0,1586400.0,6.7,Home Loan
426,33,Female,Single,Self-Employed,2657.0,10.9,36,753600.0,3956400.0,1413000.0,4.3,Auto Loan
427,39,Male,Single,Unemployed,400.0,7.17,24,823240.0,2918760.0,374200.0,7.9,Auto Loan
428,27,Female,Married,Employed,2514.0,8.06,12,812000.0,588000.0,140000.0,10.7,Home + Auto Loan
429,51,Male,Divorced,Unemployed,1285.0,16.04,24,275940.0,4323060.0,1379700.0,8.1,Auto Loan
430,40,Female,Single,Employed,1285.0,18.07,48,1520069.9999999998,682930.0000000001,440600.0,7.0,Home Loan
431,55,Female,Divorced,Employed,1971.0,14.92,36,1604549.9999999998,1210450.0000000002,1126000.0,11.5,Home Loan
432,30,Male,Divorced,Self-Employed,942.0,9.63,60,954000.0,2226000.0,636000.0,12.0,Auto Loan
433,31,Male,Divorced,Unemployed,2628.0,16.56,24,1109040.0,3511960.0,1386300.0,5.1,Home Loan
434,51,Male,Divorced,Self-Employed,1171.0,10.94,12,371870.0,535130.0000000001,272100.0,7.1,Home + Auto Loan
435,31,Male,Married,Self-Employed,114.0,13.5,60,638400.0,2721600.0,336000.0,13.1,Home Loan
436,57,Female,Married,Employed,257.0,13.46,12,1129110.0,721890.0,555300.0,6.7,Auto Loan
437,23,Female,Divorced,Self-Employed,200.0,11.05,12,1840700.0,489299.99999999994,932000.0,12.3,Auto Loan
438,33,Male,Married,Unemployed,685.0,11.83,24,852930.0,1334070.0,437400.0,12.3,Home Loan
439,55,Female,Divorced,Unemployed,2457.0,17.77,24,2136140.0,1546860.0000000002,368300.0,13.5,Home + Auto Loan
440,45,Female,Divorced,Unemployed,1600.0,11.45,36,2744000.0,0.0,548800.0,10.5,Auto Loan
441,60,Female,Divorced,Unemployed,1971.0,15.55,36,779040.0,2466960.0,973800.0,10.0,Auto Loan
442,48,Female,Married,Self-Employed,1885.0,1.12,24,1579200.0,1052800.0,263200.0,7.8,Home + Auto Loan
443,21,Female,Divorced,Employed,1285.0,6.03,60,50440.0,1210560.0,252200.0,5.1,Home + Auto Loan
444,36,Female,Married,Unemployed,2657.0,16.07,24,2598080.0,225919.99999999988,1129600.0,5.6,Auto Loan
445,64,Male,Divorced,Employed,2085.0,15.82,36,553340.0,204660.0,227400.0,13.4,Auto Loan
446,46,Male,Married,Unemployed,1371.0,10.96,36,2072460.0,584539.9999999999,265700.0,5.6,Home Loan
447,29,Female,Divorced,Employed,2657.0,15.3,60,191900.0,3646100.0,767600.0,9.9,Home Loan
448,34,Female,Single,Employed,285.0,15.16,60,636220.0,4257780.0,1957600.0,11.4,Auto Loan
449,25,Female,Divorced,Unemployed,485.0,4.76,48,622960.0,4169040.0,1916800.0,10.5,Home Loan
450,32,Male,Married,Self-Employed,1171.0,3.14,48,664560.0,187439.99999999997,85200.0,13.2,Auto Loan
451,42,Male,Single,Unemployed,2800.0,19.77,60,1003200.0,516799.99999999994,456000.0,9.2,Auto Loan
452,29,Female,Married,Employed,542.0,15.05,24,719670.0,323330.00000000006,208600.0,4.9,Home Loan
453,38,Male,Single,Self-Employed,57.0,15.06,24,833850.0,1019150.0000000001,185300.0,9.8,Home + Auto Loan
454,53,Female,Divorced,Unemployed,514.0,12.08,60,2379070.0,879930.0,1303600.0,6.3,Home + Auto Loan
455,30,Male,Single,Unemployed,171.0,2.27,36,105400.0,64600.0,34000.0,11.0,Home Loan
456,43,Male,Married,Unemployed,1371.0,18.17,48,365040.0,570960.0,280800.0,13.3,Home Loan
457,25,Male,Married,Unemployed,57.0,18.52,36,2022750.0,152249.99999999988,870000.0,3.5,Auto Loan
458,45,Male,Married,Unemployed,2285.0,19.92,60,728350.0,1352650.0,624300.0,9.5,Auto Loan
459,60,Female,Single,Unemployed,800.0,18.05,24,2818650.0,148350.00000000015,296700.0,9.0,Home + Auto Loan
460,44,Male,Single,Unemployed,1114.0,9.53,24,429300.0,2432700.0,572400.0,14.4,Home + Auto Loan
461,28,Male,Married,Unemployed,1914.0,19.92,24,2632680.0,1075320.0000000002,1112400.0,5.8,Home Loan
462,30,Female,Married,Employed,514.0,17.72,48,887360.0,1885639.9999999998,277300.0,4.0,Auto Loan
463,48,Female,Married,Employed,85.0,12.51,60,304070.0,2034930.0,467800.0,14.8,Home + Auto Loan
464,34,Male,Divorced,Self-Employed,2828.0,10.54,60,98000.0,1127000.0,122500.0,11.4,Auto Loan
465,61,Female,Married,Self-Employed,571.0,1.61,12,939060.0,1058940.0,799200.0,10.1,Auto Loan
466,34,Male,Married,Employed,1600.0,14.07,48,3915300.0,294699.99999999977,421000.0,13.4,Home + Auto Loan
467,45,Male,Divorced,Unemployed,2228.0,10.98,12,1425380.0,3172619.9999999995,1839200.0,14.5,Home Loan
468,48,Female,Married,Unemployed,2685.0,8.36,12,2580120.0,2197880.0,955600.0,5.8,Home + Auto Loan
469,48,Female,Single,Self-Employed,1057.0,14.11,24,94860.0,463140.0,167400.0,14.8,Auto Loan
470,48,Male,Divorced,Employed,2542.0,8.47,36,963300.0,271699.99999999994,123500.0,13.8,Auto Loan
471,31,Female,Divorced,Self-Employed,1171.0,2.73,48,102240.0,1033760.0,227200.0,6.1,Home Loan
472,25,Female,Divorced,Self-Employed,142.0,11.74,24,1601600.0000000002,1310399.9999999998,582400.0,5.5,Home + Auto Loan
473,31,Male,Single,Self-Employed,1628.0,3.23,24,1179680.0,436320.0,484800.0,8.1,Home + Auto Loan
474,59,Female,Married,Self-Employed,1971.0,5.52,60,3645540.0,593460.0,1695600.0,6.9,Home Loan
475,49,Female,Single,Unemployed,885.0,12.78,60,1459800.0,973200.0,243300.0,13.9,Home + Auto Loan
476,31,Male,Married,Employed,114.0,7.29,12,390600.0,2213400.0,781200.0,13.1,Home + Auto Loan
477,46,Male,Married,Unemployed,2542.0,15.96,24,3234660.0,1666339.9999999998,1470300.0,14.6,Auto Loan
478,57,Female,Married,Self-Employed,1371.0,17.02,12,1179200.0,2505800.0,368500.0,7.7,Auto Loan
479,28,Male,Divorced,Self-Employed,1914.0,12.63,12,982620.0,871380.0,556200.0,6.8,Home Loan
480,60,Male,Single,Self-Employed,1142.0,11.93,60,2749270.0,1757730.0,1352100.0,11.0,Auto Loan
481,59,Female,Divorced,Self-Employed,2228.0,19.61,12,2054970.0000000002,482029.9999999999,1014800.0,9.9,Home + Auto Loan
482,49,Male,Divorced,Unemployed,1485.0,7.64,24,2900000.0,0.0,580000.0,5.9,Home + Auto Loan
483,32,Female,Single,Self-Employed,2000.0,3.16,36,45300.0,105700.0,15100.0,9.2,Auto Loan
484,56,Male,Married,Self-Employed,2457.0,16.15,24,3386400.0,693600.0000000001,816000.0,13.6,Auto Loan
485,60,Female,Divorced,Self-Employed,1485.0,6.69,36,3487380.0,983619.9999999999,1341300.0,7.0,Home Loan
486,21,Male,Divorced,Self-Employed,542.0,7.44,48,25270.000000000004,335730.0,108300.0,7.1,Home Loan
487,30,Female,Married,Self-Employed,1142.0,8.86,48,1687670.0,689330.0000000001,237700.0,4.0,Home + Auto Loan
488,48,Female,Married,Employed,2857.0,18.35,48,197450.0,1597550.0,538500.0,5.8,Home Loan
489,50,Male,Married,Self-Employed,1914.0,3.72,12,2077580.0,768420.0,853800.0,10.0,Home Loan
490,28,Male,Divorced,Self-Employed,1885.0,6.91,12,52260.0,81740.0,13400.0,4.8,Home Loan
491,25,Female,Single,Employed,2400.0,11.97,36,150280.0,138720.0,28900.0,7.5,Home Loan
492,40,Male,Married,Self-Employed,2800.0,6.18,24,576110.0,510890.0,326100.0,12.0,Auto Loan
493,20,Male,Married,Unemployed,514.0,5.65,12,1573120.0,3342879.9999999995,1474800.0,7.0,Auto Loan
494,41,Female,Married,Employed,2457.0,8.29,12,464830.0,524170.0,197800.0,5.1,Auto Loan
495,31,Female,Divorced,Self-Employed,714.0,19.5,48,250470.0,508529.99999999994,227700.0,12.1,Home Loan
496,25,Female,Married,Self-Employed,2571.0,5.4,24,2751960.0,1295039.9999999998,1618800.0,10.5,Home + Auto Loan
497,36,Female,Single,Unemployed,1200.0,10.26,12,3589840.0,312159.9999999998,780400.0,9.6,Auto Loan
498,42,Female,Single,Self-Employed,2200.0,10.65,48,900130.0,268870.0,233800.0,14.2,Home Loan
499,40,Male,Single,Self-Employed,857.0,11.41,48,1264960.0,879040.0000000001,857600.0,14.0,Auto Loan
500,41,Male,Divorced,Self-Employed,1228.0,4.29,12,1186170.0,894830.0000000001,832400.0,13.1,Home Loan
501,56,Female,Married,Self-Employed,1600.0,19.16,12,1503040.0000000002,1180959.9999999998,1073600.0,8.6,Home Loan
502,63,Female,Single,Unemployed,314.0,17.86,12,834900.0,430099.99999999994,506000.0,10.3,Home + Auto Loan
503,29,Female,Divorced,Self-Employed,1628.0,13.95,36,1131500.0,693500.0,547500.0,6.9,Auto Loan
504,63,Female,Single,Employed,2228.0,17.11,36,2024779.9999999998,1466220.0000000002,1047300.0,15.3,Home + Auto Loan
505,55,Male,Married,Employed,85.0,14.34,48,3200060.0,520940.00000000006,1116300.0,9.5,Home Loan
506,65,Female,Single,Self-Employed,2400.0,3.64,60,2246200.0,1837799.9999999998,1633600.0,9.5,Auto Loan
507,46,Male,Single,Employed,2342.0,14.71,48,13080.0,1294920.0,261600.0,5.6,Home Loan
508,28,Male,Married,Self-Employed,2542.0,12.84,48,3267190.0,403809.99999999994,1468400.0,12.8,Home Loan
509,55,Female,Single,Employed,2200.0,10.46,24,940120.0,4007880.0000000005,1484400.0,6.5,Home Loan
510,37,Female,Divorced,Employed,2057.0,3.15,48,3128160.0,63840.00000000006,957600.0,11.7,Home Loan
511,29,Female,Single,Unemployed,314.0,12.98,12,3616070.0,446929.99999999994,406300.0,6.9,Home Loan
512,54,Female,Divorced,Self-Employed,28.0,10.74,48,2110860.0,1798139.9999999998,390900.0,13.4,Home Loan
513,41,Female,Single,Self-Employed,2514.0,14.81,60,450670.00000000006,2200330.0,795300.0,14.1,Auto Loan
514,60,Female,Divorced,Unemployed,1057.0,6.45,12,16450.0,312550.0,65800.0,16.0,Home + Auto Loan
515,24,Female,Single,Unemployed,914.0,12.47,60,290080.0,745920.0,207200.0,3.4,Home Loan
516,62,Female,Single,Self-Employed,857.0,16.19,12,1261260.0,355739.99999999994,323400.0,14.2,Auto Loan
517,29,Male,Single,Self-Employed,1600.0,11.98,36,448560.0,1420440.0,747600.0,5.9,Home + Auto Loan
518,36,Male,Married,Self-Employed,1085.0,5.44,48,1826800.0,2740200.0,913400.0,11.6,Auto Loan
519,29,Female,Married,Self-Employed,1142.0,2.85,60,168720.0,275280.0,133200.0,11.9,Home Loan
520,47,Female,Single,Self-Employed,914.0,9.76,24,2704800.0,676199.9999999999,1014300.0,14.7,Home Loan
521,57,Male,Divorced,Unemployed,657.0,1.2,12,3238859.9999999995,1455140.0000000002,1408200.0,11.7,Home + Auto Loan
522,46,Male,Divorced,Unemployed,800.0,4.67,12,995850.0,1217150.0,221300.0,9.6,Home Loan
523,23,Male,Divorced,Unemployed,314.0,8.14,60,1142400.0,47600.000000000044,119000.0,12.3,Home + Auto Loan
524,64,Male,Single,Self-Employed,257.0,15.62,36,1595880.0,822119.9999999999,725400.0,14.4,Auto Loan
525,24,Female,Married,Self-Employed,200.0,4.38,12,765600.0,1554399.9999999998,928000.0,7.4,Auto Loan
526,59,Female,Married,Employed,2800.0,12.67,12,270480.0,1661520.0,772800.0,12.9,Auto Loan
527,36,Male,Married,Employed,914.0,18.03,24,146490.0,110510.00000000001,25700.0,11.6,Home Loan
528,20,Male,Divorced,Self-Employed,1200.0,1.07,48,738000.0,4182000.0,1968000.0,9.0,Auto Loan
529,45,Male,Divorced,Employed,2514.0,11.78,36,424460.0,692540.0,223400.0,12.5,Auto Loan
530,39,Female,Married,Self-Employed,1228.0,15.45,36,2096680.0,1859320.0,395600.0,5.9,Home Loan
531,31,Male,Single,Self-Employed,371.0,2.61,48,2926700.0,1254300.0000000002,836200.0,9.1,Home Loan
532,28,Male,Married,Unemployed,857.0,2.2,60,3361000.0,0.0,336100.0,10.8,Home Loan
533,51,Female,Married,Self-Employed,2857.0,3.25,60,210120.0,3291880.0,350200.0,6.1,Auto Loan
534,54,Male,Divorced,Employed,514.0,9.95,60,10400.0,249600.0,52000.0,13.4,Home + Auto Loan
535,64,Male,Married,Unemployed,1114.0,12.61,60,196350.0,3730650.0,785400.0,8.4,Home + Auto Loan
536,27,Female,Divorced,Employed,1542.0,7.16,60,2777600.0,694399.9999999999,694400.0,8.7,Home Loan
537,40,Male,Married,Self-Employed,1000.0,4.19,36,214980.0,3368020.0,716600.0,7.0,Home Loan
538,48,Male,Divorced,Employed,2285.0,15.78,12,325500.0,2929500.0,325500.0,14.8,Auto Loan
539,20,Male,Married,Unemployed,1028.0,14.15,24,2660450.0,1432550.0,409300.0,9.0,Home + Auto Loan
540,37,Female,Single,Employed,114.0,14.63,60,982100.0,627900.0,322000.0,13.7,Home + Auto Loan
541,39,Female,Single,Unemployed,428.0,12.76,60,216720.0,686280.0,90300.0,12.9,Home Loan
542,49,Male,Single,Employed,542.0,4.35,12,470030.0,3802970.0,427300.0,12.9,Home + Auto Loan
543,43,Female,Married,Self-Employed,2771.0,2.98,12,152790.0,310209.99999999994,185200.0,12.3,Home Loan
544,30,Male,Single,Employed,2628.0,7.19,24,4466700.0,496299.9999999999,496300.0,11.0,Home Loan
545,40,Male,Married,Employed,2685.0,8.14,24,177700.0,1599300.0,533100.0,11.0,Home + Auto Loan
546,57,Female,Married,Employed,2228.0,8.36,24,350680.0,1243320.0,637600.0,13.7,Auto Loan
547,32,Female,Single,Self-Employed,2514.0,6.33,12,78000.0,522000.0,120000.0,13.2,Auto Loan
548,46,Male,Single,Self-Employed,2314.0,11.98,60,915600.0,610400.0,305200.0,14.6,Home + Auto Loan
549,46,Female,Married,Self-Employed,2657.0,5.71,48,607320.0,1561680.0,867600.0,11.6,Home Loan
550,57,Male,Divorced,Self-Employed,142.0,1.64,60,4243400.0,86600.00000000007,433000.0,13.7,Auto Loan
551,64,Male,Single,Employed,2742.0,19.05,24,280880.0,3230120.0,1404400.0,7.4,Auto Loan
552,35,Male,Married,Unemployed,2571.0,15.2,12,1465500.0,3419500.0,1954000.0,11.5,Auto Loan
553,28,Female,Married,Unemployed,2314.0,8.31,36,318780.0,374220.0,207900.0,3.8,Home Loan
554,38,Female,Single,Unemployed,1200.0,18.96,36,353440.0,4064560.0,883600.0,4.8,Home + Auto Loan
555,44,Female,Single,Self-Employed,2342.0,11.65,24,244940.0,417060.0,66200.0,13.4,Home + Auto Loan
556,35,Male,Divorced,Unemployed,2114.0,7.09,36,1871540.0,119460.0000000001,796400.0,7.5,Home Loan
557,47,Female,Married,Self-Employed,1771.0,16.76,48,1581300.0,2936700.0,451800.0,13.7,Home Loan
558,63,Female,Single,Unemployed,228.0,2.66,48,3743950.0,197050.00000000017,1182300.0,10.3,Home + Auto Loan
559,24,Male,Married,Employed,1800.0,10.89,12,1269100.0,543900.0000000001,543900.0,5.4,Auto Loan
560,63,Male,Single,Self-Employed,2342.0,4.59,12,1119800.0,1425200.0000000002,763500.0,7.3,Home + Auto Loan
561,61,Female,Single,Unemployed,1171.0,17.0,48,2955550.0,1591450.0,1364100.0,14.1,Auto Loan
562,56,Male,Single,Self-Employed,1342.0,3.82,36,114310.0,382690.0,99400.0,10.6,Auto Loan
563,59,Male,Divorced,Employed,2571.0,5.52,12,1409410.0,43590.00000000004,435900.0,8.9,Auto Loan
564,28,Female,Single,Employed,2571.0,19.58,24,579390.0,2179610.0,827700.0,3.8,Auto Loan
565,54,Male,Divorced,Employed,1457.0,19.01,36,1214400.0,105599.99999999994,396000.0,13.4,Home + Auto Loan
566,54,Female,Divorced,Self-Employed,2742.0,16.19,48,1200600.0,133399.99999999997,400200.0,15.4,Auto Loan
567,27,Female,Married,Unemployed,1114.0,12.73,24,1907950.0000000002,1561049.9999999998,693800.0,3.7,Auto Loan
568,25,Female,Married,Unemployed,2857.0,1.43,60,923260.0,818740.0,348400.0,7.5,Auto Loan
569,62,Male,Divorced,Employed,2200.0,18.92,36,2151590.0,2239410.0,1756400.0,16.2,Auto Loan
570,65,Female,Single,Self-Employed,1257.0,19.57,60,26840.0,2657160.0,1073600.0,12.5,Home + Auto Loan
571,48,Female,Single,Employed,1542.0,16.87,60,1029510.0000000001,241489.99999999994,381300.0,11.8,Home + Auto Loan
572,33,Female,Single,Employed,2142.0,1.13,36,783060.0,58939.999999999956,252600.0,10.3,Auto Loan
573,55,Female,Divorced,Employed,1371.0,10.32,36,901740.0,3844260.0000000005,949200.0,10.5,Home Loan
574,51,Female,Married,Employed,1085.0,13.42,36,171300.0,970700.0,114200.0,13.1,Auto Loan
575,51,Male,Married,Self-Employed,228.0,12.04,60,1536150.0,1598850.0,313500.0,15.1,Auto Loan
576,60,Female,Divorced,Self-Employed,2085.0,4.09,12,1161270.0,1115730.0,227700.0,7.0,Home + Auto Loan
577,49,Male,Single,Employed,1514.0,6.51,60,137430.0,371570.0,101800.0,10.9,Home Loan
578,52,Male,Divorced,Employed,600.0,17.58,36,1683600.0,1122400.0,561200.0,14.2,Auto Loan
579,64,Female,Married,Employed,1885.0,15.8,48,32290.0,3196710.0,968700.0,11.4,Auto Loan
580,26,Male,Married,Employed,2028.0,17.08,60,3607200.0,901799.9999999998,901800.0,12.6,Home Loan
581,46,Female,Married,Employed,1742.0,14.13,24,2496880.0,217119.99999999988,271400.0,10.6,Auto Loan
582,53,Female,Married,Employed,428.0,17.28,24,873200.0,306800.0,354000.0,9.3,Home Loan
583,39,Male,Married,Employed,2771.0,1.36,48,315840.0,436160.00000000006,150400.0,5.9,Auto Loan
584,32,Male,Married,Self-Employed,914.0,6.73,12,78720.0,577280.0,65600.0,4.2,Home + Auto Loan
585,58,Male,Divorced,Employed,85.0,17.07,36,885070.0,435929.99999999994,264200.0,7.8,Home Loan
586,42,Male,Divorced,Unemployed,342.0,11.05,24,123689.99999999999,93310.00000000001,43400.0,14.2,Auto Loan
587,54,Male,Divorced,Employed,2571.0,14.26,24,2920080.0,253919.99999999988,317400.0,13.4,Auto Loan
588,26,Male,Single,Self-Employed,828.0,15.47,36,219870.0,827130.0,418800.0,9.6,Home + Auto Loan
589,27,Male,Single,Unemployed,2628.0,7.23,12,229099.99999999997,560900.0,237000.0,3.7,Auto Loan
590,49,Female,Divorced,Employed,1057.0,17.28,48,926200.0000000001,757799.9999999999,673600.0,11.9,Home Loan
591,31,Male,Divorced,Unemployed,1600.0,3.27,48,89430.0,723570.0,325200.0,12.1,Auto Loan
592,57,Male,Divorced,Employed,714.0,12.3,48,640800.0,1139200.0,356000.0,11.7,Home + Auto Loan
593,47,Female,Single,Unemployed,1285.0,19.76,60,3283420.0,209580.00000000017,1047900.0,12.7,Auto Loan
594,49,Male,Married,Self-Employed,2285.0,2.89,12,174500.0,174500.0,104700.0,7.9,Home + Auto Loan
595,63,Male,Married,Unemployed,542.0,15.44,60,617440.0,290559.99999999994,363200.0,11.3,Auto Loan
596,32,Female,Divorced,Self-Employed,1971.0,11.39,12,2317000.0,2317000.0,1853600.0,9.2,Auto Loan
597,44,Female,Single,Self-Employed,114.0,13.53,36,2194200.0,2575800.0,1908000.0,7.4,Home Loan
598,51,Female,Married,Unemployed,2771.0,13.83,60,1900080.0,2971920.0,1461600.0,7.1,Home Loan
599,56,Female,Single,Unemployed,942.0,12.72,36,196140.0,3072860.0,653800.0,13.6,Auto Loan
600,23,Male,Divorced,Employed,1257.0,15.54,36,273840.0,52160.00000000001,32600.0,12.3,Auto Loan
601,47,Female,Single,Self-Employed,885.0,13.31,60,124080.0,1943920.0,827200.0,8.7,Home + Auto Loan
602,24,Female,Married,Employed,1171.0,13.5,48,79320.0,3886680.0,1189800.0,3.4,Home Loan
603,46,Female,Married,Unemployed,1142.0,8.42,60,97680.0,4786320.0,1953600.0,11.6,Home + Auto Loan
604,26,Male,Single,Unemployed,2428.0,12.68,36,1213380.0,284619.99999999994,599200.0,8.6,Auto Loan
605,51,Male,Divorced,Self-Employed,1085.0,16.29,60,937440.0000000001,2534560.0,694400.0,15.1,Home Loan
606,65,Male,Divorced,Self-Employed,1914.0,4.99,12,257810.00000000003,3425190.0,1104900.0,14.5,Home Loan
607,52,Female,Single,Employed,914.0,9.61,60,1813430.0,2609570.0000000005,1326900.0,15.2,Home + Auto Loan
608,60,Male,Divorced,Employed,2714.0,18.81,60,1549680.0,798319.9999999999,939200.0,14.0,Home Loan
609,56,Male,Divorced,Self-Employed,857.0,17.04,48,1204740.0,1414260.0,523800.0,8.6,Auto Loan
610,60,Male,Single,Self-Employed,914.0,8.71,12,1352650.0,728350.0,624300.0,16.0,Home + Auto Loan
611,21,Male,Single,Self-Employed,1571.0,4.84,36,229600.00000000003,180399.99999999997,164000.0,9.1,Home + Auto Loan
612,36,Female,Divorced,Unemployed,2628.0,2.05,12,226950.0,40050.00000000001,53400.0,11.6,Auto Loan
613,39,Male,Single,Unemployed,314.0,5.48,60,844140.0,434859.99999999994,383700.0,10.9,Home Loan
614,27,Female,Single,Employed,2800.0,16.81,48,1717200.0,1144800.0,286200.0,8.7,Home Loan
615,35,Female,Married,Employed,1000.0,5.83,60,634680.0,2891320.0,705200.0,11.5,Home + Auto Loan
616,54,Female,Divorced,Self-Employed,1714.0,17.71,24,1336500.0,1093500.0,243000.0,9.4,Auto Loan
617,65,Female,Single,Unemployed,2200.0,14.12,24,542230.0,16770.000000000015,55900.0,7.5,Auto Loan
618,44,Female,Divorced,Unemployed,857.0,1.15,48,403080.0,2955920.0,1007700.0,12.4,Auto Loan
619,25,Male,Single,Employed,2285.0,16.0,36,3227360.0,280639.9999999999,701600.0,8.5,Home + Auto Loan
620,50,Female,Single,Employed,2542.0,2.26,48,3564540.0,782460.0000000002,1738800.0,10.0,Home Loan
621,55,Female,Single,Employed,657.0,1.06,24,794880.0,447120.0,124200.0,13.5,Home Loan
622,40,Male,Married,Employed,2800.0,16.06,36,1841840.0,1700160.0,708400.0,7.0,Auto Loan
623,28,Female,Married,Self-Employed,1514.0,8.48,48,325200.0,1300800.0,487800.0,8.8,Home Loan
624,21,Male,Divorced,Employed,714.0,1.95,60,1470520.0,45480.000000000044,303200.0,7.1,Auto Loan
625,36,Male,Married,Employed,428.0,9.27,48,4285450.0,225550.0000000002,1353300.0,4.6,Home Loan
626,27,Male,Divorced,Employed,2857.0,15.18,48,2390200.0,125800.00000000012,503200.0,7.7,Home + Auto Loan
627,33,Male,Single,Self-Employed,514.0,19.55,24,456120.0,2077880.0000000002,506800.0,4.3,Home Loan
628,35,Female,Divorced,Employed,485.0,14.05,48,34350.0,3400650.0,1374000.0,9.5,Home Loan
629,58,Female,Married,Unemployed,1200.0,18.26,60,243000.0,3807000.0,405000.0,9.8,Home Loan
630,65,Male,Married,Unemployed,1085.0,3.51,60,1990820.0,1220180.0,963300.0,13.5,Home + Auto Loan
631,31,Female,Married,Self-Employed,457.0,14.49,48,2430560.0,331440.0,1104800.0,5.1,Home + Auto Loan
632,27,Female,Married,Self-Employed,1000.0,6.38,36,3225960.0,482040.0,741600.0,8.7,Home Loan
633,53,Female,Single,Self-Employed,1771.0,17.21,48,3523140.0,1237860.0,952200.0,8.3,Home + Auto Loan
634,29,Male,Married,Employed,571.0,3.2,48,1767670.0,1993330.0,752200.0,10.9,Home + Auto Loan
635,42,Female,Single,Employed,514.0,2.78,36,2578050.0,454950.00000000006,1213200.0,6.2,Home + Auto Loan
636,52,Female,Divorced,Unemployed,0.0,4.43,12,4888000.0,0.0,977600.0,14.2,Home + Auto Loan
637,63,Male,Single,Self-Employed,2485.0,8.1,12,2316760.0,1090239.9999999998,340700.0,8.3,Auto Loan
638,21,Male,Single,Self-Employed,971.0,7.26,12,93870.0,55130.0,59600.0,12.1,Home Loan
639,48,Female,Divorced,Employed,2342.0,16.16,12,2417460.0,393540.00000000006,562200.0,9.8,Home Loan
640,44,Male,Single,Employed,2800.0,1.39,24,203520.0,644480.0,254400.0,11.4,Home + Auto Loan
641,45,Female,Divorced,Employed,1571.0,7.82,12,360300.0,840700.0,240200.0,9.5,Auto Loan
642,32,Female,Single,Self-Employed,2171.0,15.37,36,231390.00000000003,625610.0,342800.0,10.2,Home Loan
643,47,Female,Married,Unemployed,1685.0,18.68,60,476340.00000000006,924659.9999999999,140100.0,8.7,Home Loan
644,53,Male,Single,Self-Employed,1742.0,19.7,36,107760.0,1239240.0,538800.0,10.3,Home + Auto Loan
645,47,Female,Divorced,Unemployed,142.0,10.7,48,80240.0,922760.0,100300.0,13.7,Home + Auto Loan
646,62,Female,Single,Unemployed,1828.0,15.07,48,84480.0,971520.0,316800.0,7.2,Home + Auto Loan
647,45,Male,Married,Unemployed,2142.0,12.85,36,1162200.0,2711800.0,1549600.0,12.5,Auto Loan
648,33,Male,Married,Unemployed,1942.0,8.5,12,16390.0,132610.0,44700.0,4.3,Home + Auto Loan
649,50,Female,Divorced,Unemployed,2200.0,12.75,60,2560800.0,79200.00000000007,1056000.0,13.0,Auto Loan
650,63,Female,Single,Employed,685.0,14.22,24,32620.000000000004,200380.0,23300.0,8.3,Home + Auto Loan
651,50,Male,Divorced,Self-Employed,1942.0,6.72,48,690480.0,131520.00000000003,164400.0,9.0,Home + Auto Loan
652,47,Male,Married,Employed,1600.0,1.37,48,3000700.0,1054300.0,811000.0,12.7,Home Loan
653,32,Female,Divorced,Employed,371.0,17.12,60,1183710.0,2403289.9999999995,1434800.0,10.2,Home Loan
654,55,Female,Married,Self-Employed,2142.0,5.41,12,2054570.0,2138430.0,1677200.0,15.5,Home Loan
655,47,Female,Divorced,Self-Employed,1514.0,10.4,36,962090.0,118909.99999999999,108100.0,12.7,Auto Loan
656,47,Male,Married,Unemployed,1257.0,10.65,60,388930.0,1658070.0,614100.0,12.7,Home Loan
657,58,Female,Married,Unemployed,1514.0,16.2,24,2884020.0,1177980.0000000002,1218600.0,11.8,Home Loan
658,38,Male,Divorced,Employed,571.0,2.92,48,718930.0,3510070.0,1691600.0,13.8,Auto Loan
659,35,Male,Divorced,Employed,942.0,4.32,60,514800.0,915200.0,143000.0,9.5,Home + Auto Loan
660,41,Female,Married,Employed,1771.0,15.91,12,1654800.0000000002,1300199.9999999998,591000.0,9.1,Home Loan
661,29,Male,Divorced,Self-Employed,2742.0,15.85,60,790400.0,197599.99999999994,98800.0,4.9,Home + Auto Loan
662,22,Male,Married,Employed,571.0,15.48,48,3461640.0,342359.9999999999,380400.0,7.2,Home Loan
663,29,Female,Single,Employed,1600.0,5.66,48,131750.0,23250.000000000004,31000.0,9.9,Auto Loan
664,52,Male,Married,Self-Employed,1514.0,3.88,60,1554480.0,604520.0,647700.0,11.2,Auto Loan
665,28,Female,Single,Self-Employed,1885.0,9.41,12,332500.0,17500.000000000015,140000.0,8.8,Home Loan
666,24,Male,Single,Self-Employed,600.0,8.47,12,603680.0,12320.000000000011,184800.0,9.4,Home Loan
667,29,Male,Divorced,Self-Employed,2485.0,14.71,36,1061200.0,1591800.0,795900.0,11.9,Auto Loan
668,37,Male,Divorced,Self-Employed,1971.0,14.25,48,2437760.0,1371240.0,1523600.0,13.7,Home + Auto Loan
669,25,Male,Divorced,Self-Employed,2685.0,19.85,36,3260180.0,1205820.0,1339800.0,5.5,Home + Auto Loan
670,52,Female,Divorced,Unemployed,85.0,5.59,36,363200.0,1906800.0,681000.0,14.2,Home Loan
671,52,Male,Divorced,Self-Employed,1828.0,1.91,12,296140.0,842860.0,113900.0,11.2,Auto Loan
672,56,Male,Single,Employed,2114.0,17.05,24,3704940.0000000005,869059.9999999998,1372200.0,15.6,Auto Loan
673,38,Male,Divorced,Unemployed,371.0,12.07,36,3279680.0,1152320.0,1772800.0,9.8,Auto Loan
674,29,Female,Single,Employed,457.0,9.48,36,114120.0,1787880.0,190200.0,10.9,Home Loan
675,45,Female,Single,Unemployed,1600.0,16.65,24,1510740.0,2086260.0000000002,1438800.0,12.5,Home Loan
676,51,Female,Married,Unemployed,1714.0,18.94,36,297360.0,1118640.0,141600.0,6.1,Home + Auto Loan
677,46,Male,Married,Unemployed,1885.0,8.06,36,315520.0,772480.0,326400.0,7.6,Auto Loan
678,51,Male,Married,Unemployed,1114.0,4.48,48,801360.0,1106640.0000000002,381600.00000000006,10.1,Home + Auto Loan
679,55,Female,Married,Self-Employed,1114.0,18.11,48,1869600.0,2025400.0,389500.0,15.5,Auto Loan
680,58,Male,Married,Self-Employed,542.0,16.2,60,568830.0,280169.99999999994,339600.0,11.8,Auto Loan
681,34,Female,Single,Unemployed,2685.0,17.45,12,750270.0,92729.99999999999,84300.0,8.4,Home Loan
682,65,Female,Divorced,Unemployed,685.0,11.96,12,2601200.0000000005,2043799.9999999998,464500.0,16.5,Home Loan
683,32,Female,Divorced,Employed,1942.0,6.22,24,170940.0,88059.99999999999,25900.0,6.2,Home + Auto Loan
684,57,Female,Married,Self-Employed,1771.0,9.3,48,1741680.0,1210320.0,885600.0,6.7,Home + Auto Loan
685,40,Female,Single,Employed,1971.0,3.74,36,2444120.0,49880.000000000044,249400.0,7.0,Home + Auto Loan
686,39,Female,Divorced,Employed,1171.0,14.55,36,200080.0,127920.0,65600.0,6.9,Auto Loan
687,40,Male,Single,Self-Employed,428.0,5.55,60,683620.0,1115380.0,539700.0,5.0,Home Loan
688,51,Female,Married,Employed,2000.0,10.2,48,207680.0,441319.99999999994,194700.0,12.1,Home Loan
689,21,Female,Divorced,Employed,2371.0,11.8,48,2017800.0,637200.0,265500.0,5.1,Home + Auto Loan
690,52,Male,Married,Unemployed,2857.0,19.1,60,4562910.0,46090.000000000044,1382700.0,9.2,Auto Loan
691,20,Female,Divorced,Unemployed,0.0,6.19,36,4020650.0,124350.00000000012,1243500.0,3.0,Home Loan
692,42,Male,Divorced,Employed,1942.0,6.71,48,109920.0,577080.0,206100.0,14.2,Home Loan
693,28,Female,Single,Unemployed,1142.0,19.61,48,1146000.0,1146000.0,458400.0,8.8,Auto Loan
694,62,Female,Single,Self-Employed,1200.0,13.28,12,1173120.0,48880.000000000044,244400.0,7.2,Home Loan
695,20,Male,Divorced,Self-Employed,2542.0,11.22,12,1901200.0000000002,1493799.9999999998,679000.0,10.0,Home Loan
696,62,Female,Divorced,Self-Employed,1371.0,8.35,12,3009910.0,93090.00000000009,310300.0,16.2,Home + Auto Loan
697,43,Male,Single,Employed,2771.0,4.64,60,2295480.0,806520.0,310200.0,9.3,Home Loan
698,65,Male,Married,Self-Employed,1800.0,1.14,48,74160.0,1779840.0,741600.0,16.5,Home + Auto Loan
699,56,Female,Married,Unemployed,2457.0,4.34,60,3582340.0,1258660.0,968200.0,15.6,Home + Auto Loan
700,24,Male,Single,Unemployed,1000.0,19.85,60,214620.0,79380.0,58800.0,6.4,Home Loan
701,63,Female,Married,Unemployed,2371.0,9.22,48,1882700.0,927299.9999999999,1124000.0,7.3,Auto Loan
702,63,Female,Single,Unemployed,2628.0,6.28,48,375440.0,118560.0,148200.0,10.3,Home Loan
703,40,Male,Single,Self-Employed,2085.0,19.58,48,159440.0,1833560.0,398600.0,5.0,Home + Auto Loan
704,32,Male,Single,Employed,342.0,9.21,12,2599380.0,1526620.0,1237800.0,4.2,Home Loan
705,41,Female,Married,Self-Employed,1228.0,10.87,24,695520.0,2202480.0,289800.0,5.1,Home + Auto Loan
706,59,Female,Married,Unemployed,200.0,6.95,12,391920.0,2874080.0,1306400.0,6.9,Home + Auto Loan
707,48,Male,Single,Employed,200.0,6.6,48,53800.0,484200.0,215200.0,13.8,Auto Loan
708,59,Female,Married,Self-Employed,1542.0,7.45,12,361000.0,589000.0,95000.0,15.9,Auto Loan
709,41,Male,Married,Employed,228.0,18.18,24,1034400.0,689600.0,172400.0,14.1,Home Loan
710,36,Female,Single,Unemployed,657.0,16.14,12,778100.0,476900.0,502000.0,7.6,Home + Auto Loan
711,57,Female,Divorced,Self-Employed,1971.0,9.92,60,775460.0,561540.0,401100.0,8.7,Auto Loan
712,43,Male,Divorced,Employed,2028.0,7.53,24,873840.0,2767160.0,728200.0,5.3,Home Loan
713,24,Female,Married,Unemployed,1685.0,17.19,60,1985819.9999999998,892180.0000000001,1151200.0,12.4,Auto Loan
714,39,Female,Single,Employed,142.0,18.48,24,873450.0,1067550.0,388200.0,11.9,Home Loan
715,49,Male,Married,Unemployed,1200.0,8.61,12,1402940.0,419059.99999999994,728800.0,11.9,Auto Loan
716,24,Female,Married,Employed,685.0,1.83,12,904509.9999999999,2214490.0,311900.0,12.4,Home + Auto Loan
717,38,Male,Married,Unemployed,2000.0,4.72,24,271660.0,1326340.0,479400.0,7.8,Auto Loan
718,21,Male,Single,Self-Employed,1114.0,8.02,36,1988100.0,126900.00000000012,211500.0,10.1,Home Loan
719,53,Female,Divorced,Employed,457.0,11.12,36,239120.00000000003,1468880.0,170800.0,9.3,Auto Loan
720,47,Male,Married,Unemployed,542.0,2.01,36,630170.0,1542830.0,434600.0,10.7,Home + Auto Loan
721,57,Female,Married,Self-Employed,2228.0,10.66,60,1188950.0,316049.99999999994,150500.0,7.7,Auto Loan
722,53,Female,Married,Unemployed,2514.0,10.0,60,1572870.0,2678130.0,1275300.0,13.3,Auto Loan
723,57,Male,Married,Employed,857.0,6.81,48,870300.0,1063700.0,386800.0,12.7,Home Loan
724,43,Female,Divorced,Employed,1057.0,7.68,60,3339000.0,1113000.0,445200.0,12.3,Home + Auto Loan
725,52,Female,Single,Self-Employed,1342.0,6.19,12,1186370.0,1572630.0000000002,1103600.0,13.2,Home + Auto Loan
726,34,Female,Divorced,Self-Employed,1057.0,11.39,12,3961800.0,440199.9999999999,440200.0,12.4,Auto Loan
727,26,Male,Married,Employed,1200.0,5.75,36,1574100.0000000002,1287899.9999999998,858600.0,6.6,Home + Auto Loan
728,58,Male,Divorced,Employed,1028.0,18.97,60,2684990.0,802009.9999999999,1046100.0,11.8,Home Loan
729,50,Male,Single,Employed,742.0,10.8,60,1483920.0,577080.0,412200.0,13.0,Auto Loan
730,49,Female,Married,Employed,2542.0,9.33,60,798940.0,1059060.0,557400.0,11.9,Home + Auto Loan
731,28,Male,Single,Self-Employed,1285.0,8.96,48,1613520.0,378479.9999999999,199200.0,8.8,Home Loan
732,39,Female,Divorced,Unemployed,485.0,11.8,60,2267300.0,602699.9999999999,287000.0,6.9,Home Loan
733,45,Female,Married,Employed,685.0,7.25,48,535830.0,475170.0,404400.0,12.5,Home Loan
734,25,Male,Married,Employed,2200.0,4.55,12,269750.0,55250.000000000015,65000.0,10.5,Auto Loan
735,33,Male,Single,Self-Employed,1885.0,7.21,48,92460.0,1448540.0,154100.0,4.3,Auto Loan
736,27,Male,Divorced,Self-Employed,1400.0,17.54,36,880600.0,309400.0,476000.0,6.7,Auto Loan
737,62,Female,Married,Unemployed,2600.0,4.83,24,482200.0,1928800.0,723300.0,14.2,Auto Loan
738,45,Male,Divorced,Unemployed,1657.0,1.74,12,4341040.0,591960.0,1479900.0,12.5,Auto Loan
739,49,Female,Divorced,Self-Employed,628.0,4.41,60,1335900.0,854100.0,657000.0,11.9,Home Loan
740,49,Female,Divorced,Unemployed,1428.0,17.83,24,1203270.0,907730.0000000001,422200.0,5.9,Auto Loan
741,54,Female,Divorced,Unemployed,771.0,19.86,60,2591500.0,958500.0000000001,355000.0,13.4,Home + Auto Loan
742,24,Male,Divorced,Self-Employed,914.0,1.85,12,1955250.0,2389750.0,1303500.0,6.4,Home + Auto Loan
743,64,Female,Single,Unemployed,685.0,1.2,12,166800.0,250200.0,125100.0,13.4,Home Loan
744,40,Female,Single,Employed,2400.0,3.66,36,301760.0,3470240.0,1508800.0,8.0,Home + Auto Loan
745,21,Male,Married,Employed,1428.0,13.76,12,398030.0,352970.0,225300.0,5.1,Home Loan
746,29,Female,Single,Employed,2457.0,9.4,12,1358230.0,554770.0000000001,382600.0,11.9,Home Loan
747,61,Male,Single,Self-Employed,0.0,15.58,24,163300.0,3102700.0,979800.0,7.1,Auto Loan
748,32,Male,Married,Employed,1228.0,5.19,12,623700.0,6300.0000000000055,252000.0,7.2,Home Loan
749,30,Male,Single,Self-Employed,2285.0,18.75,48,587840.0,1249160.0,183700.0,7.0,Auto Loan
750,34,Male,Married,Self-Employed,1457.0,8.39,48,34170.0,166830.0,60300.0,9.4,Home + Auto Loan
751,62,Female,Divorced,Employed,771.0,15.58,48,184030.00000000003,2444970.0,788700.0,13.2,Home + Auto Loan
752,54,Male,Single,Unemployed,2285.0,7.31,36,388800.0,826199.9999999999,121500.0,12.4,Home Loan
753,24,Female,Married,Self-Employed,2685.0,12.16,12,2204730.0,2118270.0,1729200.0,6.4,Home + Auto Loan
754,59,Male,Single,Unemployed,885.0,2.14,36,329380.0,436620.00000000006,153200.0,15.9,Auto Loan
755,32,Male,Single,Unemployed,2628.0,15.05,36,152880.0,3669120.0,764400.0,13.2,Home + Auto Loan
756,40,Male,Divorced,Unemployed,2742.0,17.09,36,1637010.0,383989.9999999999,808400.0,5.0,Auto Loan
757,33,Male,Divorced,Unemployed,800.0,10.91,24,2310000.0,990000.0000000001,660000.0,13.3,Auto Loan
758,20,Male,Single,Employed,514.0,2.74,60,57650.0,1095350.0,115300.0,6.0,Home Loan
759,35,Male,Single,Self-Employed,714.0,4.35,24,585120.0,3071880.0,1462800.0,7.5,Auto Loan
760,56,Female,Divorced,Self-Employed,1742.0,8.57,24,2679760.0,436240.00000000006,623200.0,7.6,Auto Loan
761,47,Female,Married,Employed,1542.0,12.31,24,1990440.0,628560.0,1047600.0,6.7,Home Loan
762,31,Female,Single,Self-Employed,1371.0,2.37,24,1860300.0,2273700.0,1653600.0,12.1,Home Loan
763,32,Male,Married,Employed,2657.0,8.69,48,3631780.0,591220.0,422300.0,9.2,Auto Loan
764,43,Female,Single,Unemployed,257.0,19.86,12,421740.0,4260.000000000004,127800.0,11.3,Auto Loan
765,30,Male,Single,Unemployed,2571.0,14.23,48,1116150.0,2072850.0,956700.0,11.0,Auto Loan
766,35,Male,Single,Self-Employed,2457.0,5.97,48,844830.0,496170.0,134100.0,4.5,Home Loan
767,36,Male,Divorced,Employed,314.0,14.42,12,412320.0,3023680.0,687200.0,10.6,Home Loan
768,47,Male,Single,Unemployed,1942.0,14.94,12,805200.0,1878799.9999999998,805200.0,11.7,Home + Auto Loan
769,56,Female,Married,Unemployed,2714.0,1.12,24,563850.0,2121150.0,805500.0,12.6,Auto Loan
770,26,Male,Divorced,Unemployed,1028.0,4.35,24,643020.0,887980.0000000001,612400.0,9.6,Home Loan
771,32,Female,Married,Self-Employed,771.0,2.12,24,1018019.9999999999,767980.0000000001,178600.0,6.2,Home + Auto Loan
772,46,Female,Divorced,Unemployed,1057.0,3.37,12,555730.0,2713270.0,326900.0,6.6,Auto Loan
773,57,Male,Single,Unemployed,28.0,15.28,12,1772320.0,559680.0,932800.0,6.7,Home Loan
774,22,Male,Married,Self-Employed,2771.0,9.99,36,2505600.0,1670400.0,417600.0,7.2,Home Loan
775,41,Female,Divorced,Self-Employed,1314.0,12.61,36,2685500.0,589500.0000000001,982500.0,11.1,Auto Loan
776,20,Female,Divorced,Unemployed,485.0,17.51,36,950040.0,180960.00000000003,452400.0,3.0,Home Loan
777,43,Female,Divorced,Unemployed,685.0,1.32,36,1149230.0,1653770.0000000002,1121200.0,5.3,Home + Auto Loan
778,40,Female,Married,Self-Employed,285.0,18.84,48,2730600.0,959400.0,1476000.0,10.0,Home Loan
779,26,Female,Single,Unemployed,1885.0,1.6,48,606620.0,3726380.0,866600.0,12.6,Home + Auto Loan
780,63,Female,Married,Employed,1971.0,5.02,12,1027680.0,1113320.0,856400.0,10.3,Home + Auto Loan
781,65,Male,Married,Self-Employed,800.0,19.08,12,3153920.0,942079.9999999999,1228800.0,11.5,Home Loan
782,54,Female,Married,Employed,2800.0,13.24,48,597060.0,44939.99999999997,192600.0,15.4,Home Loan
783,44,Female,Married,Self-Employed,314.0,7.46,60,101760.0,746240.0,169600.0,6.4,Home + Auto Loan
784,27,Female,Married,Self-Employed,0.0,12.21,24,359020.0,259980.00000000003,185700.0,7.7,Auto Loan
785,40,Female,Divorced,Unemployed,2142.0,8.51,60,656040.0,337959.99999999994,198800.0,8.0,Auto Loan
786,29,Female,Married,Unemployed,2171.0,15.19,12,609040.0,714960.0,529600.0,7.9,Home Loan
787,39,Male,Single,Unemployed,1800.0,2.12,36,2705800.0,554200.0000000001,1304000.0,8.9,Home + Auto Loan
788,33,Male,Divorced,Employed,2657.0,19.7,24,2243740.0,365260.00000000006,260900.0,10.3,Home + Auto Loan
789,45,Female,Single,Self-Employed,1428.0,14.81,36,3441280.0,1086720.0,1811200.0,6.5,Home Loan
790,64,Female,Married,Self-Employed,2114.0,9.69,24,1988250.0,662750.0,530200.0,7.4,Home Loan
791,48,Female,Single,Employed,2714.0,7.88,60,38940.0,138060.0,35400.0,8.8,Home + Auto Loan
792,29,Female,Single,Employed,1714.0,3.23,60,54000.0,486000.0,108000.0,5.9,Home Loan
793,57,Female,Married,Employed,857.0,6.75,60,125970.0,4073030.0,1679600.0,12.7,Home + Auto Loan
794,44,Male,Single,Self-Employed,1600.0,3.28,12,124110.0,72890.0,78800.0,10.4,Home + Auto Loan
795,61,Male,Married,Self-Employed,342.0,8.3,48,1117110.0,501890.00000000006,647600.0,16.1,Auto Loan
796,28,Male,Single,Unemployed,1942.0,16.44,12,3185000.0,314999.9999999999,350000.0,5.8,Auto Loan
797,54,Female,Married,Employed,428.0,1.1,48,1560730.0,48270.000000000044,160900.0,8.4,Auto Loan
798,22,Male,Divorced,Unemployed,2028.0,2.61,12,63040.0,330960.0,78800.0,7.2,Home Loan
799,43,Male,Single,Employed,1885.0,9.45,60,1374000.0,3206000.0,458000.0,9.3,Auto Loan
800,40,Female,Divorced,Unemployed,142.0,4.57,36,40800.0,367200.0,81600.0,8.0,Home + Auto Loan
801,58,Male,Divorced,Self-Employed,2257.0,11.45,36,94120.0,629880.0,217200.0,12.8,Auto Loan
802,30,Female,Single,Self-Employed,2514.0,4.87,36,3124600.0,1470399.9999999998,459500.0,6.0,Home Loan
803,61,Male,Divorced,Unemployed,1857.0,8.97,24,974160.0,501839.99999999994,442800.0,16.1,Auto Loan
804,44,Male,Divorced,Employed,1942.0,8.73,36,1269000.0,3431000.0,940000.0,6.4,Home Loan
805,43,Female,Single,Employed,342.0,8.19,12,530280.0,1433720.0,392800.0,11.3,Home + Auto Loan
806,53,Female,Divorced,Employed,2542.0,11.48,60,1306980.0,1159020.0,986400.0,15.3,Home + Auto Loan
807,30,Female,Single,Self-Employed,2457.0,12.3,48,3829680.0000000005,898319.9999999998,945600.0,12.0,Auto Loan
808,28,Female,Married,Unemployed,1371.0,2.0,36,304590.0,2038410.0,468600.0,12.8,Home Loan
809,63,Female,Divorced,Employed,1285.0,6.45,48,1897720.0,2415280.0,1725200.0,14.3,Home Loan
810,34,Female,Divorced,Self-Employed,1142.0,2.46,24,314470.0,452530.00000000006,76700.0,5.4,Home + Auto Loan
811,56,Male,Married,Unemployed,28.0,18.72,24,4061310.0,305689.99999999977,1310100.0,12.6,Auto Loan
812,52,Male,Single,Unemployed,2714.0,14.35,36,696350.0,2968650.0,366500.0,6.2,Home + Auto Loan
813,62,Male,Divorced,Employed,2771.0,4.32,36,1331960.0,656039.9999999999,795200.0,15.2,Home + Auto Loan
814,42,Male,Single,Self-Employed,400.0,16.8,12,373150.0,1821850.0,878000.0,10.2,Auto Loan
815,50,Female,Single,Employed,2057.0,18.54,60,1423760.0,500240.0,384800.0,12.0,Home + Auto Loan
816,59,Female,Married,Employed,1200.0,3.04,36,1902780.0,1166220.0,920700.0,10.9,Home Loan
817,45,Female,Married,Self-Employed,285.0,18.07,48,2162860.0,2251140.0,441400.0,13.5,Home + Auto Loan
818,20,Male,Divorced,Employed,1342.0,9.14,24,1484260.0,1673740.0,947400.0,7.0,Home Loan
819,26,Female,Divorced,Employed,2714.0,7.83,24,20860.000000000004,128140.0,59600.0,9.6,Home + Auto Loan
820,38,Male,Married,Self-Employed,114.0,19.02,36,1309060.0,459940.0,707600.0,6.8,Home + Auto Loan
821,51,Female,Divorced,Self-Employed,2828.0,14.79,48,3232500.0,1077500.0,862000.0,12.1,Home + Auto Loan
822,26,Male,Married,Self-Employed,2800.0,13.89,36,268500.0,268500.0,107400.0,6.6,Auto Loan
823,20,Female,Single,Self-Employed,2771.0,12.73,60,1067220.0,1110780.0,653400.0,9.0,Home + Auto Loan
824,37,Male,Single,Unemployed,714.0,14.32,60,791300.0,173700.00000000006,193000.0,11.7,Home Loan
825,32,Male,Married,Employed,1000.0,9.1,60,530400.0,795600.0,132600.0,7.2,Home + Auto Loan
826,23,Female,Single,Unemployed,828.0,9.1,12,1839600.0,1080400.0,876000.0,6.3,Home Loan
827,61,Male,Single,Self-Employed,1257.0,7.08,12,781920.0,1390080.0,217200.0,13.1,Home + Auto Loan
828,20,Male,Divorced,Employed,1000.0,9.19,36,274050.0,670950.0,283500.0,12.0,Auto Loan
829,41,Female,Married,Unemployed,2000.0,7.85,36,28780.0,2849220.0,287800.0,7.1,Home Loan
830,53,Female,Married,Employed,314.0,12.96,60,693100.0,501900.00000000006,358500.0,7.3,Home + Auto Loan
831,57,Male,Married,Employed,1971.0,6.73,48,208320.00000000003,2767680.0,1190400.0,15.7,Home + Auto Loan
832,29,Male,Married,Self-Employed,914.0,18.0,48,1657700.0000000002,1356299.9999999998,602800.0,11.9,Home Loan
833,27,Female,Married,Self-Employed,1828.0,12.38,24,780000.0,720000.0,600000.0,3.7,Auto Loan
834,56,Male,Divorced,Unemployed,1800.0,19.46,24,3569670.0000000005,837329.9999999998,881400.0,14.6,Auto Loan
835,44,Female,Single,Employed,571.0,12.25,12,346860.0,1580140.0000000002,578100.0,14.4,Home Loan
836,52,Female,Single,Self-Employed,2000.0,5.25,60,1089850.0,445150.00000000006,307000.0,7.2,Home + Auto Loan
837,22,Male,Single,Self-Employed,171.0,11.16,12,1619070.0,241930.0,372200.0,6.2,Home Loan
838,60,Female,Single,Unemployed,942.0,18.07,36,3102000.0,423000.0,352500.0,9.0,Auto Loan
839,60,Male,Single,Unemployed,628.0,11.21,60,224070.0,6930.000000000006,46200.0,11.0,Home + Auto Loan
840,64,Female,Divorced,Unemployed,2000.0,5.19,36,2399670.0,1409330.0,1142700.0,10.4,Home + Auto Loan
841,60,Female,Married,Employed,1571.0,18.14,12,981120.0,362880.0,537600.0,12.0,Auto Loan
842,49,Male,Married,Unemployed,2657.0,1.4,24,1208340.0,1257660.0,493200.0,7.9,Home + Auto Loan
843,63,Male,Married,Employed,1657.0,14.76,24,404630.0,536370.0000000001,188200.00000000003,13.3,Home Loan
844,58,Male,Single,Employed,28.0,5.72,12,132990.0,1076010.0,483600.0,6.8,Auto Loan
845,60,Male,Married,Unemployed,1228.0,3.65,60,1329780.0,467220.0,179700.0,8.0,Auto Loan
846,39,Female,Single,Employed,2514.0,3.34,12,279600.0,4380400.0,932000.0,8.9,Home + Auto Loan
847,38,Male,Divorced,Employed,800.0,9.12,24,0.0,2001000.0,800400.0,4.8,Auto Loan
848,38,Male,Divorced,Unemployed,400.0,19.82,24,1339360.0,182640.0,608800.0,11.8,Home + Auto Loan
849,42,Male,Divorced,Employed,285.0,4.38,60,492480.0,875520.0,410400.0,5.2,Auto Loan
850,31,Female,Married,Unemployed,1257.0,18.41,36,1946680.0,427320.0000000001,712200.0,5.1,Auto Loan
851,24,Male,Married,Self-Employed,1628.0,3.15,48,99750.0,565250.0,133000.0,10.4,Home Loan
852,29,Male,Single,Employed,1285.0,9.05,48,3269420.0,976579.9999999999,849200.0,8.9,Home Loan
853,41,Male,Divorced,Self-Employed,1800.0,10.36,60,1922760.0,2655240.0000000005,915600.0,13.1,Home + Auto Loan
854,25,Female,Divorced,Unemployed,1314.0,19.88,12,162450.0,1642550.0,361000.0,3.5,Auto Loan
855,50,Male,Married,Self-Employed,2828.0,9.75,60,925920.0,1646080.0,257200.0,8.0,Auto Loan
856,33,Male,Married,Employed,2571.0,14.93,48,3135360.0,130640.00000000012,653200.0,6.3,Auto Loan
857,64,Male,Divorced,Self-Employed,571.0,7.94,12,1118880.0,213120.00000000003,133200.0,7.4,Home + Auto Loan
858,20,Female,Married,Self-Employed,2714.0,9.93,36,1932880.0,679120.0,522400.0,11.0,Auto Loan
859,64,Male,Single,Employed,2342.0,10.56,12,93360.0,1462640.0,155600.0,7.4,Auto Loan
860,63,Female,Divorced,Unemployed,2571.0,18.7,36,1827000.0,1827000.0,1096200.0,10.3,Home + Auto Loan
861,44,Male,Divorced,Self-Employed,800.0,16.63,60,1017420.0,623580.0,328200.0,11.4,Home Loan
862,64,Female,Single,Unemployed,1371.0,16.26,48,357760.0,201240.0,167700.0,9.4,Home + Auto Loan
863,26,Male,Married,Unemployed,1200.0,6.36,60,1645020.0,463979.99999999994,632700.0,3.6,Home + Auto Loan
864,33,Male,Single,Unemployed,114.0,2.62,60,471600.0,1886400.0,471600.0,7.3,Home Loan
865,56,Female,Married,Self-Employed,1114.0,15.28,48,278280.0,2813720.0,309200.0,6.6,Home Loan
866,40,Female,Divorced,Employed,342.0,18.03,60,2461900.0,1055100.0000000002,1055100.0,10.0,Home + Auto Loan
867,29,Male,Divorced,Self-Employed,114.0,3.88,48,856680.0,595320.0,580800.0,7.9,Home + Auto Loan
868,25,Male,Married,Unemployed,1828.0,18.67,36,718400.0,3771600.0,898000.0,11.5,Auto Loan
869,41,Female,Single,Employed,2828.0,4.97,60,1874340.0,231659.99999999997,842400.0,11.1,Home Loan
870,29,Female,Married,Employed,1114.0,10.48,48,639870.0,191129.99999999997,83100.0,11.9,Auto Loan
871,38,Male,Married,Unemployed,314.0,14.5,48,577080.0,1025920.0,480900.0,5.8,Auto Loan
872,36,Female,Divorced,Employed,1771.0,17.32,48,3054530.0,94470.00000000009,629800.0,4.6,Auto Loan
873,63,Male,Single,Unemployed,1142.0,13.96,60,672000.0,128000.00000000003,240000.0,12.3,Auto Loan
874,63,Male,Divorced,Unemployed,2542.0,3.94,12,131930.0,35069.99999999999,16700.0,15.3,Auto Loan
875,30,Female,Married,Self-Employed,2428.0,9.85,60,2633490.0,393510.0,605400.0,5.0,Auto Loan
876,25,Male,Divorced,Self-Employed,714.0,2.22,36,2200660.0,657340.0,285800.0,9.5,Home Loan
877,33,Female,Married,Self-Employed,542.0,13.16,36,52840.0,1268160.0,396300.0,11.3,Home Loan
878,58,Female,Married,Self-Employed,771.0,17.49,48,1836520.0,37480.00000000004,562200.0,6.8,Auto Loan
879,60,Male,Married,Employed,285.0,17.55,60,1049490.0,2837510.0,777400.0,11.0,Home + Auto Loan
880,36,Male,Married,Self-Employed,2742.0,4.77,48,503200.00000000006,976799.9999999999,148000.0,8.6,Auto Loan
881,54,Male,Divorced,Self-Employed,2085.0,11.66,60,166530.0,16469.999999999993,73200.0,12.4,Home + Auto Loan
882,62,Male,Single,Employed,1657.0,17.42,12,643500.0,3646500.0,1287000.0,9.2,Home Loan
883,36,Male,Single,Unemployed,2114.0,5.15,24,182700.0,223300.00000000003,81200.0,5.6,Auto Loan
884,54,Male,Divorced,Employed,685.0,8.03,36,77350.0,143650.0,88400.0,15.4,Home + Auto Loan
885,39,Male,Divorced,Unemployed,1485.0,7.69,60,3051000.0,0.0,1220400.0,10.9,Auto Loan
886,41,Male,Married,Self-Employed,2000.0,11.31,48,541680.0,922320.0,585600.0,14.1,Auto Loan
887,64,Female,Divorced,Unemployed,342.0,2.7,12,602020.0,368980.0,291300.0,8.4,Home Loan
888,26,Female,Divorced,Unemployed,2114.0,17.18,24,1114080.0,1417920.0000000002,253200.0,3.6,Home + Auto Loan
889,55,Female,Married,Self-Employed,1257.0,18.25,48,3385800.0,178200.00000000015,712800.0,13.5,Home + Auto Loan
890,34,Female,Single,Self-Employed,1514.0,18.1,48,113400.0,21600.000000000004,40500.0,7.4,Home + Auto Loan
891,21,Male,Single,Self-Employed,2085.0,11.56,48,361930.0,1767070.0,638700.0,9.1,Home + Auto Loan
892,61,Female,Married,Employed,1400.0,18.18,60,3273080.0,208920.00000000017,1392800.0,9.1,Home + Auto Loan
893,34,Male,Divorced,Unemployed,2085.0,16.91,24,273960.0,2009040.0,456600.0,10.4,Auto Loan
894,25,Male,Married,Employed,2142.0,12.74,60,209790.0,123210.0,133200.0,5.5,Home + Auto Loan
895,44,Male,Divorced,Self-Employed,2828.0,5.55,24,1048950.0,616050.0,333000.0,10.4,Auto Loan
896,54,Male,Divorced,Self-Employed,1000.0,12.92,60,861960.0,444039.99999999994,522400.0,7.4,Home + Auto Loan
897,49,Male,Married,Self-Employed,657.0,10.39,36,194740.0,554260.0,149800.0,6.9,Home + Auto Loan
898,26,Female,Married,Employed,2285.0,14.06,48,913360.0,950640.0,745600.0,4.6,Auto Loan
899,48,Male,Married,Employed,2400.0,3.23,36,327600.0,36399.99999999999,109200.0,14.8,Auto Loan
900,59,Male,Married,Employed,85.0,10.84,24,55670.0,237330.00000000003,87900.0,14.9,Home + Auto Loan
901,27,Male,Married,Employed,2657.0,6.2,24,515900.0,1829100.0,703500.0,5.7,Home + Auto Loan
902,65,Female,Single,Self-Employed,1457.0,4.29,36,1120980.0,1077020.0,879200.0,10.5,Auto Loan
903,57,Female,Married,Unemployed,1628.0,16.5,60,1165710.0,1213290.0,475800.0,12.7,Home + Auto Loan
904,44,Female,Married,Self-Employed,228.0,17.9,60,1352700.0,150299.99999999997,450900.0,12.4,Auto Loan
905,46,Female,Divorced,Self-Employed,657.0,16.03,36,111060.0,3590940.0,1110600.0,10.6,Home + Auto Loan
906,33,Female,Single,Self-Employed,1142.0,5.06,60,343080.0,2515920.0,571800.0,4.3,Auto Loan
907,55,Male,Single,Unemployed,771.0,6.28,60,1009260.0,3796740.0,1441800.0,7.5,Home Loan
908,56,Female,Divorced,Self-Employed,714.0,16.25,48,418770.0,98229.99999999997,206800.0,9.6,Home + Auto Loan
909,46,Male,Married,Employed,2142.0,11.95,36,1249800.0,833200.0,833200.0,11.6,Home + Auto Loan
910,56,Male,Single,Employed,1457.0,18.44,12,3843000.0,732000.0000000001,1372500.0,6.6,Auto Loan
911,21,Male,Single,Self-Employed,1000.0,8.61,60,2160720.0,840280.0000000001,300100.0,8.1,Auto Loan
912,59,Male,Single,Unemployed,1800.0,18.82,12,3172260.0,64740.00000000006,971100.0,7.9,Home + Auto Loan
913,23,Male,Married,Self-Employed,2628.0,4.23,24,1719140.0,279860.0,199900.0,9.3,Home Loan
914,54,Male,Divorced,Self-Employed,142.0,19.0,12,442640.0,60360.0,50300.0,7.4,Auto Loan
915,64,Female,Single,Employed,428.0,17.38,60,1611820.0,1167180.0,555800.0,9.4,Auto Loan
916,48,Male,Divorced,Unemployed,1771.0,15.68,48,1344000.0,1456000.0,560000.0,9.8,Home + Auto Loan
917,36,Female,Divorced,Self-Employed,885.0,2.43,48,422240.00000000006,331759.99999999994,75400.0,7.6,Home + Auto Loan
918,20,Male,Single,Employed,1228.0,10.76,36,2217740.0,2308260.0,1810400.0,6.0,Auto Loan
919,49,Male,Divorced,Employed,1314.0,17.49,60,856900.0,3038100.0,389500.0,11.9,Home + Auto Loan
920,32,Male,Single,Employed,2085.0,9.76,12,921839.9999999999,414160.00000000006,534400.0,5.2,Home Loan
921,35,Male,Single,Self-Employed,2400.0,7.69,12,116910.0,3780090.0,779400.0,12.5,Home Loan
922,42,Female,Married,Self-Employed,1857.0,9.39,36,273000.0,273000.0,109200.0,10.2,Home + Auto Loan
923,61,Female,Divorced,Employed,1457.0,11.06,48,700350.0,1714650.0,966000.0,9.1,Home Loan
924,26,Male,Divorced,Employed,171.0,6.06,12,1083500.0,3841500.0,985000.0,3.6,Home Loan
925,37,Male,Divorced,Self-Employed,800.0,4.91,24,1659060.0,2594940.0,1701600.0,8.7,Auto Loan
926,38,Female,Divorced,Employed,2542.0,15.04,24,778810.0,3320190.0,409900.0,13.8,Home + Auto Loan
927,63,Male,Married,Self-Employed,514.0,9.13,12,3672900.0,408099.9999999999,816200.0,7.3,Home + Auto Loan
928,24,Male,Divorced,Unemployed,1714.0,10.28,24,37800.0,70200.0,10800.0,12.4,Auto Loan
929,22,Male,Divorced,Employed,600.0,2.9,36,470640.0,417360.0,266400.0,5.2,Auto Loan
930,42,Female,Divorced,Self-Employed,28.0,14.49,60,945360.0,1680640.0,1050400.0,10.2,Home Loan
931,50,Male,Single,Employed,800.0,10.46,24,3034080.0,61920.00000000006,309600.0,8.0,Home Loan
932,64,Female,Single,Unemployed,1371.0,17.67,60,215820.0,2182180.0,479600.0,8.4,Auto Loan
933,31,Female,Divorced,Self-Employed,1514.0,4.62,60,1051050.0,1643950.0,808500.0,8.1,Home Loan
934,41,Male,Single,Unemployed,1257.0,19.42,48,993280.0,30720.00000000003,409600.0,9.1,Home Loan
935,49,Male,Divorced,Unemployed,571.0,6.48,36,2343040.0,1840959.9999999998,1255200.0,9.9,Home + Auto Loan
936,22,Male,Single,Employed,0.0,13.54,12,1496950.0,1558050.0,305500.0,9.2,Home + Auto Loan
937,28,Female,Single,Employed,514.0,12.12,12,2644040.0,1079960.0000000002,744800.0,6.8,Auto Loan
938,22,Female,Single,Unemployed,1542.0,17.97,36,590720.0,332280.0,184600.0,9.2,Home Loan
939,31,Female,Divorced,Unemployed,2800.0,3.58,60,307580.00000000006,1889420.0,659100.0,7.1,Home + Auto Loan
940,39,Male,Single,Unemployed,2857.0,3.63,48,163080.0,742920.0,362400.0,10.9,Home Loan
941,52,Female,Single,Self-Employed,1485.0,18.34,12,156040.0,175960.0,99600.0,13.2,Auto Loan
942,28,Female,Married,Employed,2057.0,15.35,48,340380.0,208620.0,164700.0,7.8,Home + Auto Loan
943,62,Male,Single,Employed,971.0,12.29,36,231760.0,2665240.0,1158800.0,8.2,Home Loan
944,64,Female,Married,Unemployed,1857.0,10.81,60,1055600.0,764400.0000000001,182000.0,7.4,Home Loan
945,28,Male,Divorced,Self-Employed,2628.0,12.85,24,2625840.0,1542160.0,833600.0,3.8,Home + Auto Loan
946,20,Male,Divorced,Unemployed,742.0,1.47,60,407400.0,3666600.0,407400.0,4.0,Auto Loan
947,23,Male,Single,Self-Employed,857.0,16.61,48,2237340.0,45660.000000000044,913200.0,11.3,Home Loan
948,27,Female,Married,Employed,2714.0,10.72,60,214620.00000000003,1318380.0,153300.0,6.7,Home + Auto Loan
949,50,Female,Single,Unemployed,2428.0,8.33,12,1657180.0,1724820.0,338200.0,10.0,Auto Loan
950,47,Male,Married,Self-Employed,1400.0,6.75,60,596400.0,4373600.0,1491000.0,5.7,Auto Loan
951,42,Male,Single,Self-Employed,571.0,17.26,60,43000.0,4257000.0,1720000.0,10.2,Home + Auto Loan
952,65,Female,Divorced,Employed,1285.0,9.73,24,1944360.0,1001639.9999999999,294600.0,16.5,Auto Loan
953,39,Female,Married,Self-Employed,2200.0,14.46,60,4734720.0,197280.00000000017,1972800.0,6.9,Home Loan
954,36,Male,Divorced,Unemployed,1257.0,2.28,12,3347520.0,139480.00000000012,1046100.0,13.6,Home Loan
955,34,Male,Divorced,Self-Employed,1714.0,19.65,24,1899060.0,142939.9999999999,204200.0,9.4,Home + Auto Loan
956,44,Female,Married,Unemployed,114.0,15.5,60,951000.0,2853000.0,380400.0,6.4,Home Loan
957,31,Female,Married,Self-Employed,2314.0,4.79,36,619840.0,4148160.0,1907200.0,13.1,Auto Loan
958,63,Female,Married,Unemployed,1914.0,12.06,12,131520.0,690480.0,164400.0,10.3,Home + Auto Loan
959,28,Male,Single,Unemployed,257.0,13.96,60,909700.0000000001,744299.9999999999,661600.0,8.8,Auto Loan
960,33,Female,Divorced,Self-Employed,2028.0,9.34,48,411060.0,251940.0,198900.0,6.3,Home + Auto Loan
961,25,Male,Divorced,Employed,828.0,7.29,24,556080.0,4077920.0,1390200.0,3.5,Auto Loan
962,44,Female,Married,Self-Employed,2085.0,18.7,60,311010.00000000006,4131989.9999999995,888600.0,8.4,Auto Loan
963,59,Male,Divorced,Unemployed,942.0,7.42,36,174370.0,196630.0,37100.0,6.9,Home + Auto Loan
964,23,Male,Married,Unemployed,200.0,2.39,60,3858400.0,381599.9999999999,1272000.0,6.3,Home Loan
965,22,Female,Married,Unemployed,285.0,18.99,36,3045840.0,1070160.0,1646400.0,11.2,Home Loan
966,26,Male,Single,Unemployed,1742.0,1.41,12,703850.0,1307150.0,402200.0,7.6,Home + Auto Loan
967,54,Female,Divorced,Unemployed,1400.0,9.16,48,552480.0,598520.0,115100.0,12.4,Home Loan
968,27,Female,Married,Self-Employed,1571.0,5.41,60,398620.0,1699380.0,629400.0,3.7,Home + Auto Loan
969,46,Male,Married,Employed,457.0,6.37,36,129200.0,1485800.0,323000.0,12.6,Auto Loan
970,61,Male,Single,Unemployed,2400.0,2.45,60,297600.0,446400.0,148800.0,8.1,Home + Auto Loan
971,65,Female,Married,Unemployed,1314.0,17.51,24,766500.0,1788500.0,1022000.0,15.5,Home Loan
972,40,Male,Married,Self-Employed,2257.0,2.49,24,1737370.0,709630.0000000001,734100.0,12.0,Home Loan
973,39,Male,Married,Unemployed,514.0,14.27,48,1699040.0,372960.0000000001,621600.0,4.9,Home + Auto Loan
974,51,Male,Single,Unemployed,285.0,17.24,48,927580.0,1513420.0,732300.0,6.1,Auto Loan
975,44,Female,Single,Employed,657.0,1.99,36,959070.0,3607930.0,456700.0,11.4,Home + Auto Loan
976,42,Male,Divorced,Self-Employed,2142.0,7.48,60,266490.0,62509.999999999985,98700.0,8.2,Auto Loan
977,23,Male,Divorced,Unemployed,1028.0,9.05,60,3708840.0,279159.9999999998,1595200.0,11.3,Home Loan
978,30,Female,Single,Employed,1000.0,19.98,60,744380.0,73619.99999999997,163600.0,8.0,Auto Loan
979,56,Female,Married,Self-Employed,914.0,3.36,60,55080.0,148920.0,61200.0,15.6,Home Loan
980,36,Male,Single,Employed,1685.0,10.12,60,1367960.0,1741040.0000000002,1243600.0,4.6,Home + Auto Loan
981,23,Male,Single,Employed,942.0,17.51,24,1001880.0,1275120.0000000002,683100.0,7.3,Home + Auto Loan
982,31,Male,Divorced,Employed,114.0,17.35,60,478610.0,3872390.0,435100.0,6.1,Auto Loan
983,55,Male,Married,Self-Employed,1285.0,12.41,36,9500.0,465500.0,142500.0,14.5,Home + Auto Loan
984,52,Female,Married,Employed,2085.0,2.36,48,717800.0,2871200.0,358900.0,11.2,Auto Loan
985,21,Female,Divorced,Self-Employed,2371.0,18.91,36,3967040.0,80960.00000000007,1214400.0,8.1,Home Loan
986,30,Female,Married,Employed,85.0,16.35,60,1705340.0,168659.99999999994,562200.0,5.0,Home Loan
987,52,Female,Married,Unemployed,2628.0,15.49,12,98910.0,3198090.0,1318800.0,8.2,Home + Auto Loan
988,56,Female,Divorced,Unemployed,2200.0,10.89,36,3599200.0,899799.9999999998,449900.0,13.6,Auto Loan
989,56,Female,Married,Employed,1314.0,6.98,12,3139200.0,784799.9999999999,1177200.0,9.6,Home Loan
990,48,Female,Single,Self-Employed,257.0,12.5,48,2330160.0,1830839.9999999998,416100.0,10.8,Auto Loan
991,56,Male,Divorced,Self-Employed,2428.0,16.12,36,1529610.0,753389.9999999999,456600.0,8.6,Auto Loan
992,25,Female,Single,Unemployed,2800.0,17.65,12,788410.0,820590.0,321800.0,6.5,Home + Auto Loan
993,46,Female,Divorced,Unemployed,114.0,14.11,12,30100.0,270900.0,120400.0,11.6,Home + Auto Loan
994,53,Female,Single,Employed,2028.0,3.26,36,1024400.0,1536600.0,768300.0,9.3,Home Loan
995,59,Male,Divorced,Employed,1285.0,12.99,48,2612200.0,917800.0,353000.0,13.9,Auto Loan
996,64,Male,Divorced,Unemployed,1857.0,18.02,60,1060290.0,316710.0,275400.0,8.4,Home Loan
997,63,Female,Single,Self-Employed,2628.0,18.95,12,439740.0,2003260.0000000002,732900.0,16.3,Home + Auto Loan
998,51,Female,Married,Self-Employed,1142.0,1.8,24,416320.0,884679.9999999999,520400.0,8.1,Auto Loan
999,37,Female,Married,Self-Employed,1028.0,9.34,24,710940.0,3471060.0,1254600.0,8.7,Auto Loan
